"Tanque","Tipo","Nombre","TamKB","Ruta"
"62176-1246-A01 LIMPIO Y MARCADO",".iam","62176-1246-A01 LIMPIO Y MARCADO","1851","C:\Proyectos\COTAS ABIGAIL\COTAS ABIGAIL\Tanques\62176-1246-A01 LIMPIO Y MARCADO\62176-1246-A01 LIMPIO Y MARCADO\62176-1246-A01 LIMPIO Y MARCADO.iam"
"62176-1246-A01 LIMPIO Y MARCADO",".iam","62176-1247-A01","376.5","C:\Proyectos\COTAS ABIGAIL\COTAS ABIGAIL\Tanques\62176-1246-A01 LIMPIO Y MARCADO\62176-1246-A01 LIMPIO Y MARCADO\62176-1247-A01.iam"
"62176-1246-A01 LIMPIO Y MARCADO",".iam","62176-1247-A03","109.5","C:\Proyectos\COTAS ABIGAIL\COTAS ABIGAIL\Tanques\62176-1246-A01 LIMPIO Y MARCADO\62176-1246-A01 LIMPIO Y MARCADO\62176-1247-A03.iam"
"62176-1246-A01 LIMPIO Y MARCADO",".iam","62176-1247-A04","97.5","C:\Proyectos\COTAS ABIGAIL\COTAS ABIGAIL\Tanques\62176-1246-A01 LIMPIO Y MARCADO\62176-1246-A01 LIMPIO Y MARCADO\62176-1247-A04.iam"
"62176-1246-A01 LIMPIO Y MARCADO",".iam","62176-1247-A05","109","C:\Proyectos\COTAS ABIGAIL\COTAS ABIGAIL\Tanques\62176-1246-A01 LIMPIO Y MARCADO\62176-1246-A01 LIMPIO Y MARCADO\62176-1247-A05.iam"
"62176-1246-A01 LIMPIO Y MARCADO",".ipt","62176-1247-P01","227","C:\Proyectos\COTAS ABIGAIL\COTAS ABIGAIL\Tanques\62176-1246-A01 LIMPIO Y MARCADO\62176-1246-A01 LIMPIO Y MARCADO\62176-1247-P01.ipt"
"62176-1246-A01 LIMPIO Y MARCADO",".ipt","62176-1247-P02","95","C:\Proyectos\COTAS ABIGAIL\COTAS ABIGAIL\Tanques\62176-1246-A01 LIMPIO Y MARCADO\62176-1246-A01 LIMPIO Y MARCADO\62176-1247-P02.ipt"
"62176-1246-A01 LIMPIO Y MARCADO",".ipt","62176-1247-P03","99","C:\Proyectos\COTAS ABIGAIL\COTAS ABIGAIL\Tanques\62176-1246-A01 LIMPIO Y MARCADO\62176-1246-A01 LIMPIO Y MARCADO\62176-1247-P03.ipt"
"62176-1246-A01 LIMPIO Y MARCADO",".ipt","62176-1247-P04","163.5","C:\Proyectos\COTAS ABIGAIL\COTAS ABIGAIL\Tanques\62176-1246-A01 LIMPIO Y MARCADO\62176-1246-A01 LIMPIO Y MARCADO\62176-1247-P04.ipt"
"62176-1246-A01 LIMPIO Y MARCADO",".ipt","62176-1247-P05","128.5","C:\Proyectos\COTAS ABIGAIL\COTAS ABIGAIL\Tanques\62176-1246-A01 LIMPIO Y MARCADO\62176-1246-A01 LIMPIO Y MARCADO\62176-1247-P05.ipt"
"62176-1246-A01 LIMPIO Y MARCADO",".ipt","62176-1247-P06","99","C:\Proyectos\COTAS ABIGAIL\COTAS ABIGAIL\Tanques\62176-1246-A01 LIMPIO Y MARCADO\62176-1246-A01 LIMPIO Y MARCADO\62176-1247-P06.ipt"
"62176-1246-A01 LIMPIO Y MARCADO",".ipt","62176-1247-P07","156.5","C:\Proyectos\COTAS ABIGAIL\COTAS ABIGAIL\Tanques\62176-1246-A01 LIMPIO Y MARCADO\62176-1246-A01 LIMPIO Y MARCADO\62176-1247-P07.ipt"
"62176-1246-A01 LIMPIO Y MARCADO",".ipt","62176-1247-P08","116.5","C:\Proyectos\COTAS ABIGAIL\COTAS ABIGAIL\Tanques\62176-1246-A01 LIMPIO Y MARCADO\62176-1246-A01 LIMPIO Y MARCADO\62176-1247-P08.ipt"
"62176-1246-A01 LIMPIO Y MARCADO",".ipt","62176-1247-P09","115.5","C:\Proyectos\COTAS ABIGAIL\COTAS ABIGAIL\Tanques\62176-1246-A01 LIMPIO Y MARCADO\62176-1246-A01 LIMPIO Y MARCADO\62176-1247-P09.ipt"
"62176-1246-A01 LIMPIO Y MARCADO",".ipt","62176-1247-P10_Default_As Machined_","110.5","C:\Proyectos\COTAS ABIGAIL\COTAS ABIGAIL\Tanques\62176-1246-A01 LIMPIO Y MARCADO\62176-1246-A01 LIMPIO Y MARCADO\62176-1247-P10_Default_As Machined_.ipt"
"62176-1246-A01 LIMPIO Y MARCADO",".ipt","62176-1247-P11","99.5","C:\Proyectos\COTAS ABIGAIL\COTAS ABIGAIL\Tanques\62176-1246-A01 LIMPIO Y MARCADO\62176-1246-A01 LIMPIO Y MARCADO\62176-1247-P11.ipt"
"62176-1246-A01 LIMPIO Y MARCADO",".ipt","62176-1247-P12","99","C:\Proyectos\COTAS ABIGAIL\COTAS ABIGAIL\Tanques\62176-1246-A01 LIMPIO Y MARCADO\62176-1246-A01 LIMPIO Y MARCADO\62176-1247-P12.ipt"
"62176-1246-A01 LIMPIO Y MARCADO",".ipt","62176-1247-P13","142","C:\Proyectos\COTAS ABIGAIL\COTAS ABIGAIL\Tanques\62176-1246-A01 LIMPIO Y MARCADO\62176-1246-A01 LIMPIO Y MARCADO\62176-1247-P13.ipt"
"62176-1246-A01 LIMPIO Y MARCADO",".ipt","62176-1247-P15","99.5","C:\Proyectos\COTAS ABIGAIL\COTAS ABIGAIL\Tanques\62176-1246-A01 LIMPIO Y MARCADO\62176-1246-A01 LIMPIO Y MARCADO\62176-1247-P15.ipt"
"62176-1246-A01 LIMPIO Y MARCADO",".iam","62176-1248-A01","474.5","C:\Proyectos\COTAS ABIGAIL\COTAS ABIGAIL\Tanques\62176-1246-A01 LIMPIO Y MARCADO\62176-1246-A01 LIMPIO Y MARCADO\62176-1248-A01.iam"
"62176-1246-A01 LIMPIO Y MARCADO",".iam","62176-1248-A03","269.5","C:\Proyectos\COTAS ABIGAIL\COTAS ABIGAIL\Tanques\62176-1246-A01 LIMPIO Y MARCADO\62176-1246-A01 LIMPIO Y MARCADO\62176-1248-A03.iam"
"62176-1246-A01 LIMPIO Y MARCADO",".iam","62176-1248-A04","205","C:\Proyectos\COTAS ABIGAIL\COTAS ABIGAIL\Tanques\62176-1246-A01 LIMPIO Y MARCADO\62176-1246-A01 LIMPIO Y MARCADO\62176-1248-A04.iam"
"62176-1246-A01 LIMPIO Y MARCADO",".iam","62176-1248-A05","275.5","C:\Proyectos\COTAS ABIGAIL\COTAS ABIGAIL\Tanques\62176-1246-A01 LIMPIO Y MARCADO\62176-1246-A01 LIMPIO Y MARCADO\62176-1248-A05.iam"
"62176-1246-A01 LIMPIO Y MARCADO",".iam","62176-1248-A06","74.5","C:\Proyectos\COTAS ABIGAIL\COTAS ABIGAIL\Tanques\62176-1246-A01 LIMPIO Y MARCADO\62176-1246-A01 LIMPIO Y MARCADO\62176-1248-A06.iam"
"62176-1246-A01 LIMPIO Y MARCADO",".iam","62176-1248-A07","85","C:\Proyectos\COTAS ABIGAIL\COTAS ABIGAIL\Tanques\62176-1246-A01 LIMPIO Y MARCADO\62176-1246-A01 LIMPIO Y MARCADO\62176-1248-A07.iam"
"62176-1246-A01 LIMPIO Y MARCADO",".iam","62176-1248-A08","177.5","C:\Proyectos\COTAS ABIGAIL\COTAS ABIGAIL\Tanques\62176-1246-A01 LIMPIO Y MARCADO\62176-1246-A01 LIMPIO Y MARCADO\62176-1248-A08.iam"
"62176-1246-A01 LIMPIO Y MARCADO",".iam","62176-1248-A09","80","C:\Proyectos\COTAS ABIGAIL\COTAS ABIGAIL\Tanques\62176-1246-A01 LIMPIO Y MARCADO\62176-1246-A01 LIMPIO Y MARCADO\62176-1248-A09.iam"
"62176-1246-A01 LIMPIO Y MARCADO",".iam","62176-1248-A11_Predeterminado","84.5","C:\Proyectos\COTAS ABIGAIL\COTAS ABIGAIL\Tanques\62176-1246-A01 LIMPIO Y MARCADO\62176-1246-A01 LIMPIO Y MARCADO\62176-1248-A11_Predeterminado.iam"
"62176-1246-A01 LIMPIO Y MARCADO",".iam","62176-1248-A12","85","C:\Proyectos\COTAS ABIGAIL\COTAS ABIGAIL\Tanques\62176-1246-A01 LIMPIO Y MARCADO\62176-1246-A01 LIMPIO Y MARCADO\62176-1248-A12.iam"
"62176-1246-A01 LIMPIO Y MARCADO",".iam","62176-1248-A12_Bottom","82","C:\Proyectos\COTAS ABIGAIL\COTAS ABIGAIL\Tanques\62176-1246-A01 LIMPIO Y MARCADO\62176-1246-A01 LIMPIO Y MARCADO\62176-1248-A12_Bottom.iam"
"62176-1246-A01 LIMPIO Y MARCADO",".iam","62176-1248-A14","81","C:\Proyectos\COTAS ABIGAIL\COTAS ABIGAIL\Tanques\62176-1246-A01 LIMPIO Y MARCADO\62176-1246-A01 LIMPIO Y MARCADO\62176-1248-A14.iam"
"62176-1246-A01 LIMPIO Y MARCADO",".iam","62176-1248-A15","91.5","C:\Proyectos\COTAS ABIGAIL\COTAS ABIGAIL\Tanques\62176-1246-A01 LIMPIO Y MARCADO\62176-1246-A01 LIMPIO Y MARCADO\62176-1248-A15.iam"
"62176-1246-A01 LIMPIO Y MARCADO",".iam","62176-1248-A18","68","C:\Proyectos\COTAS ABIGAIL\COTAS ABIGAIL\Tanques\62176-1246-A01 LIMPIO Y MARCADO\62176-1246-A01 LIMPIO Y MARCADO\62176-1248-A18.iam"
"62176-1246-A01 LIMPIO Y MARCADO",".iam","62176-1248-A19","70","C:\Proyectos\COTAS ABIGAIL\COTAS ABIGAIL\Tanques\62176-1246-A01 LIMPIO Y MARCADO\62176-1246-A01 LIMPIO Y MARCADO\62176-1248-A19.iam"
"62176-1246-A01 LIMPIO Y MARCADO",".iam","62176-1248-A21","75","C:\Proyectos\COTAS ABIGAIL\COTAS ABIGAIL\Tanques\62176-1246-A01 LIMPIO Y MARCADO\62176-1246-A01 LIMPIO Y MARCADO\62176-1248-A21.iam"
"62176-1246-A01 LIMPIO Y MARCADO",".ipt","62176-1248-P01","97.5","C:\Proyectos\COTAS ABIGAIL\COTAS ABIGAIL\Tanques\62176-1246-A01 LIMPIO Y MARCADO\62176-1246-A01 LIMPIO Y MARCADO\62176-1248-P01.ipt"
"62176-1246-A01 LIMPIO Y MARCADO",".iam","62176-1248-P06","100.5","C:\Proyectos\COTAS ABIGAIL\COTAS ABIGAIL\Tanques\62176-1246-A01 LIMPIO Y MARCADO\62176-1246-A01 LIMPIO Y MARCADO\62176-1248-P06.iam"
"62176-1246-A01 LIMPIO Y MARCADO",".ipt","62176-1248-P06_1","173","C:\Proyectos\COTAS ABIGAIL\COTAS ABIGAIL\Tanques\62176-1246-A01 LIMPIO Y MARCADO\62176-1246-A01 LIMPIO Y MARCADO\62176-1248-P06_1.ipt"
"62176-1246-A01 LIMPIO Y MARCADO",".ipt","62176-1248-P06_2","216","C:\Proyectos\COTAS ABIGAIL\COTAS ABIGAIL\Tanques\62176-1246-A01 LIMPIO Y MARCADO\62176-1246-A01 LIMPIO Y MARCADO\62176-1248-P06_2.ipt"
"62176-1246-A01 LIMPIO Y MARCADO",".ipt","62176-1248-P07","202.5","C:\Proyectos\COTAS ABIGAIL\COTAS ABIGAIL\Tanques\62176-1246-A01 LIMPIO Y MARCADO\62176-1246-A01 LIMPIO Y MARCADO\62176-1248-P07.ipt"
"62176-1246-A01 LIMPIO Y MARCADO",".iam","62176-1248-P08","92.5","C:\Proyectos\COTAS ABIGAIL\COTAS ABIGAIL\Tanques\62176-1246-A01 LIMPIO Y MARCADO\62176-1246-A01 LIMPIO Y MARCADO\62176-1248-P08.iam"
"62176-1246-A01 LIMPIO Y MARCADO",".ipt","62176-1248-P08_1","167.5","C:\Proyectos\COTAS ABIGAIL\COTAS ABIGAIL\Tanques\62176-1246-A01 LIMPIO Y MARCADO\62176-1246-A01 LIMPIO Y MARCADO\62176-1248-P08_1.ipt"
"62176-1246-A01 LIMPIO Y MARCADO",".ipt","62176-1248-P08_2","190","C:\Proyectos\COTAS ABIGAIL\COTAS ABIGAIL\Tanques\62176-1246-A01 LIMPIO Y MARCADO\62176-1246-A01 LIMPIO Y MARCADO\62176-1248-P08_2.ipt"
"62176-1246-A01 LIMPIO Y MARCADO",".ipt","62176-1248-P09","213","C:\Proyectos\COTAS ABIGAIL\COTAS ABIGAIL\Tanques\62176-1246-A01 LIMPIO Y MARCADO\62176-1246-A01 LIMPIO Y MARCADO\62176-1248-P09.ipt"
"62176-1246-A01 LIMPIO Y MARCADO",".ipt","62176-1248-P10","116.5","C:\Proyectos\COTAS ABIGAIL\COTAS ABIGAIL\Tanques\62176-1246-A01 LIMPIO Y MARCADO\62176-1246-A01 LIMPIO Y MARCADO\62176-1248-P10.ipt"
"62176-1246-A01 LIMPIO Y MARCADO",".ipt","62176-1248-P11","98.5","C:\Proyectos\COTAS ABIGAIL\COTAS ABIGAIL\Tanques\62176-1246-A01 LIMPIO Y MARCADO\62176-1246-A01 LIMPIO Y MARCADO\62176-1248-P11.ipt"
"62176-1246-A01 LIMPIO Y MARCADO",".ipt","62176-1248-P12","118.5","C:\Proyectos\COTAS ABIGAIL\COTAS ABIGAIL\Tanques\62176-1246-A01 LIMPIO Y MARCADO\62176-1246-A01 LIMPIO Y MARCADO\62176-1248-P12.ipt"
"62176-1246-A01 LIMPIO Y MARCADO",".ipt","62176-1248-P13","100","C:\Proyectos\COTAS ABIGAIL\COTAS ABIGAIL\Tanques\62176-1246-A01 LIMPIO Y MARCADO\62176-1246-A01 LIMPIO Y MARCADO\62176-1248-P13.ipt"
"62176-1246-A01 LIMPIO Y MARCADO",".ipt","62176-1248-P14","116.5","C:\Proyectos\COTAS ABIGAIL\COTAS ABIGAIL\Tanques\62176-1246-A01 LIMPIO Y MARCADO\62176-1246-A01 LIMPIO Y MARCADO\62176-1248-P14.ipt"
"62176-1246-A01 LIMPIO Y MARCADO",".ipt","62176-1248-P15","98","C:\Proyectos\COTAS ABIGAIL\COTAS ABIGAIL\Tanques\62176-1246-A01 LIMPIO Y MARCADO\62176-1246-A01 LIMPIO Y MARCADO\62176-1248-P15.ipt"
"62176-1246-A01 LIMPIO Y MARCADO",".ipt","62176-1248-P16","120","C:\Proyectos\COTAS ABIGAIL\COTAS ABIGAIL\Tanques\62176-1246-A01 LIMPIO Y MARCADO\62176-1246-A01 LIMPIO Y MARCADO\62176-1248-P16.ipt"
"62176-1246-A01 LIMPIO Y MARCADO",".ipt","62176-1248-P17","99.5","C:\Proyectos\COTAS ABIGAIL\COTAS ABIGAIL\Tanques\62176-1246-A01 LIMPIO Y MARCADO\62176-1246-A01 LIMPIO Y MARCADO\62176-1248-P17.ipt"
"62176-1246-A01 LIMPIO Y MARCADO",".ipt","62176-1248-P19","100","C:\Proyectos\COTAS ABIGAIL\COTAS ABIGAIL\Tanques\62176-1246-A01 LIMPIO Y MARCADO\62176-1246-A01 LIMPIO Y MARCADO\62176-1248-P19.ipt"
"62176-1246-A01 LIMPIO Y MARCADO",".ipt","62176-1248-P25","116.5","C:\Proyectos\COTAS ABIGAIL\COTAS ABIGAIL\Tanques\62176-1246-A01 LIMPIO Y MARCADO\62176-1246-A01 LIMPIO Y MARCADO\62176-1248-P25.ipt"
"62176-1246-A01 LIMPIO Y MARCADO",".ipt","62176-1248-P26","125.5","C:\Proyectos\COTAS ABIGAIL\COTAS ABIGAIL\Tanques\62176-1246-A01 LIMPIO Y MARCADO\62176-1246-A01 LIMPIO Y MARCADO\62176-1248-P26.ipt"
"62176-1246-A01 LIMPIO Y MARCADO",".ipt","62176-1248-P27_Default_As Machined_","159","C:\Proyectos\COTAS ABIGAIL\COTAS ABIGAIL\Tanques\62176-1246-A01 LIMPIO Y MARCADO\62176-1246-A01 LIMPIO Y MARCADO\62176-1248-P27_Default_As Machined_.ipt"
"62176-1246-A01 LIMPIO Y MARCADO",".ipt","62176-1248-P28_Predeterminado","116","C:\Proyectos\COTAS ABIGAIL\COTAS ABIGAIL\Tanques\62176-1246-A01 LIMPIO Y MARCADO\62176-1246-A01 LIMPIO Y MARCADO\62176-1248-P28_Predeterminado.ipt"
"62176-1246-A01 LIMPIO Y MARCADO",".ipt","62176-1248-P29_Predeterminado","141.5","C:\Proyectos\COTAS ABIGAIL\COTAS ABIGAIL\Tanques\62176-1246-A01 LIMPIO Y MARCADO\62176-1246-A01 LIMPIO Y MARCADO\62176-1248-P29_Predeterminado.ipt"
"62176-1246-A01 LIMPIO Y MARCADO",".ipt","62176-1248-P30","96","C:\Proyectos\COTAS ABIGAIL\COTAS ABIGAIL\Tanques\62176-1246-A01 LIMPIO Y MARCADO\62176-1246-A01 LIMPIO Y MARCADO\62176-1248-P30.ipt"
"62176-1246-A01 LIMPIO Y MARCADO",".ipt","62176-1248-P31_Default_As Machined_","156","C:\Proyectos\COTAS ABIGAIL\COTAS ABIGAIL\Tanques\62176-1246-A01 LIMPIO Y MARCADO\62176-1246-A01 LIMPIO Y MARCADO\62176-1248-P31_Default_As Machined_.ipt"
"62176-1246-A01 LIMPIO Y MARCADO",".ipt","62176-1248-P32","116.5","C:\Proyectos\COTAS ABIGAIL\COTAS ABIGAIL\Tanques\62176-1246-A01 LIMPIO Y MARCADO\62176-1246-A01 LIMPIO Y MARCADO\62176-1248-P32.ipt"
"62176-1246-A01 LIMPIO Y MARCADO",".ipt","62176-1248-P33_Default_As Machined_","104.5","C:\Proyectos\COTAS ABIGAIL\COTAS ABIGAIL\Tanques\62176-1246-A01 LIMPIO Y MARCADO\62176-1246-A01 LIMPIO Y MARCADO\62176-1248-P33_Default_As Machined_.ipt"
"62176-1246-A01 LIMPIO Y MARCADO",".ipt","62176-1248-P34_Default_As Machined_","103","C:\Proyectos\COTAS ABIGAIL\COTAS ABIGAIL\Tanques\62176-1246-A01 LIMPIO Y MARCADO\62176-1246-A01 LIMPIO Y MARCADO\62176-1248-P34_Default_As Machined_.ipt"
"62176-1246-A01 LIMPIO Y MARCADO",".ipt","62176-1248-P35","104","C:\Proyectos\COTAS ABIGAIL\COTAS ABIGAIL\Tanques\62176-1246-A01 LIMPIO Y MARCADO\62176-1246-A01 LIMPIO Y MARCADO\62176-1248-P35.ipt"
"62176-1246-A01 LIMPIO Y MARCADO",".ipt","62176-1248-P37","117","C:\Proyectos\COTAS ABIGAIL\COTAS ABIGAIL\Tanques\62176-1246-A01 LIMPIO Y MARCADO\62176-1246-A01 LIMPIO Y MARCADO\62176-1248-P37.ipt"
"62176-1246-A01 LIMPIO Y MARCADO",".ipt","62176-1248-P38_Default_As Machined_","104","C:\Proyectos\COTAS ABIGAIL\COTAS ABIGAIL\Tanques\62176-1246-A01 LIMPIO Y MARCADO\62176-1246-A01 LIMPIO Y MARCADO\62176-1248-P38_Default_As Machined_.ipt"
"62176-1246-A01 LIMPIO Y MARCADO",".ipt","62176-1248-P43","109","C:\Proyectos\COTAS ABIGAIL\COTAS ABIGAIL\Tanques\62176-1246-A01 LIMPIO Y MARCADO\62176-1246-A01 LIMPIO Y MARCADO\62176-1248-P43.ipt"
"62176-1246-A01 LIMPIO Y MARCADO",".ipt","62176-1248-P46","135.5","C:\Proyectos\COTAS ABIGAIL\COTAS ABIGAIL\Tanques\62176-1246-A01 LIMPIO Y MARCADO\62176-1246-A01 LIMPIO Y MARCADO\62176-1248-P46.ipt"
"62176-1246-A01 LIMPIO Y MARCADO",".ipt","62176-1248-P47","108","C:\Proyectos\COTAS ABIGAIL\COTAS ABIGAIL\Tanques\62176-1246-A01 LIMPIO Y MARCADO\62176-1246-A01 LIMPIO Y MARCADO\62176-1248-P47.ipt"
"62176-1246-A01 LIMPIO Y MARCADO",".ipt","62176-1248-P48","99","C:\Proyectos\COTAS ABIGAIL\COTAS ABIGAIL\Tanques\62176-1246-A01 LIMPIO Y MARCADO\62176-1246-A01 LIMPIO Y MARCADO\62176-1248-P48.ipt"
"62176-1246-A01 LIMPIO Y MARCADO",".ipt","62176-1248-P50","109.5","C:\Proyectos\COTAS ABIGAIL\COTAS ABIGAIL\Tanques\62176-1246-A01 LIMPIO Y MARCADO\62176-1246-A01 LIMPIO Y MARCADO\62176-1248-P50.ipt"
"62176-1246-A01 LIMPIO Y MARCADO",".ipt","62176-1248-P56_DefaultSM-FLAT-PATTERN","102","C:\Proyectos\COTAS ABIGAIL\COTAS ABIGAIL\Tanques\62176-1246-A01 LIMPIO Y MARCADO\62176-1246-A01 LIMPIO Y MARCADO\62176-1248-P56_DefaultSM-FLAT-PATTERN.ipt"
"62176-1246-A01 LIMPIO Y MARCADO",".ipt","62176-1248-P62_68095K351","159","C:\Proyectos\COTAS ABIGAIL\COTAS ABIGAIL\Tanques\62176-1246-A01 LIMPIO Y MARCADO\62176-1246-A01 LIMPIO Y MARCADO\62176-1248-P62_68095K351.ipt"
"62176-1246-A01 LIMPIO Y MARCADO",".ipt","62176-1248-P64","126","C:\Proyectos\COTAS ABIGAIL\COTAS ABIGAIL\Tanques\62176-1246-A01 LIMPIO Y MARCADO\62176-1246-A01 LIMPIO Y MARCADO\62176-1248-P64.ipt"
"62176-1246-A01 LIMPIO Y MARCADO",".ipt","62176-1248-P65","99.5","C:\Proyectos\COTAS ABIGAIL\COTAS ABIGAIL\Tanques\62176-1246-A01 LIMPIO Y MARCADO\62176-1246-A01 LIMPIO Y MARCADO\62176-1248-P65.ipt"
"62176-1246-A01 LIMPIO Y MARCADO",".ipt","62176-1248-P68","110","C:\Proyectos\COTAS ABIGAIL\COTAS ABIGAIL\Tanques\62176-1246-A01 LIMPIO Y MARCADO\62176-1246-A01 LIMPIO Y MARCADO\62176-1248-P68.ipt"
"62176-1246-A01 LIMPIO Y MARCADO",".ipt","62176-1248-P71","150.5","C:\Proyectos\COTAS ABIGAIL\COTAS ABIGAIL\Tanques\62176-1246-A01 LIMPIO Y MARCADO\62176-1246-A01 LIMPIO Y MARCADO\62176-1248-P71.ipt"
"62176-1246-A01 LIMPIO Y MARCADO",".iam","62176-1249-A01","102.5","C:\Proyectos\COTAS ABIGAIL\COTAS ABIGAIL\Tanques\62176-1246-A01 LIMPIO Y MARCADO\62176-1246-A01 LIMPIO Y MARCADO\62176-1249-A01.iam"
"62176-1246-A01 LIMPIO Y MARCADO",".ipt","62176-1249-P01_Default_As Machined_","119","C:\Proyectos\COTAS ABIGAIL\COTAS ABIGAIL\Tanques\62176-1246-A01 LIMPIO Y MARCADO\62176-1246-A01 LIMPIO Y MARCADO\62176-1249-P01_Default_As Machined_.ipt"
"62176-1246-A01 LIMPIO Y MARCADO",".iam","62176-1251-A01","95","C:\Proyectos\COTAS ABIGAIL\COTAS ABIGAIL\Tanques\62176-1246-A01 LIMPIO Y MARCADO\62176-1246-A01 LIMPIO Y MARCADO\62176-1251-A01.iam"
"62176-1246-A01 LIMPIO Y MARCADO",".iam","62176-1251-A02","68.5","C:\Proyectos\COTAS ABIGAIL\COTAS ABIGAIL\Tanques\62176-1246-A01 LIMPIO Y MARCADO\62176-1246-A01 LIMPIO Y MARCADO\62176-1251-A02.iam"
"62176-1246-A01 LIMPIO Y MARCADO",".ipt","62176-1251-P01","106","C:\Proyectos\COTAS ABIGAIL\COTAS ABIGAIL\Tanques\62176-1246-A01 LIMPIO Y MARCADO\62176-1246-A01 LIMPIO Y MARCADO\62176-1251-P01.ipt"
"62176-1246-A01 LIMPIO Y MARCADO",".ipt","62176-1251-P03_TAB","118","C:\Proyectos\COTAS ABIGAIL\COTAS ABIGAIL\Tanques\62176-1246-A01 LIMPIO Y MARCADO\62176-1246-A01 LIMPIO Y MARCADO\62176-1251-P03_TAB.ipt"
"62176-1246-A01 LIMPIO Y MARCADO",".ipt","62176-1251-P04","114","C:\Proyectos\COTAS ABIGAIL\COTAS ABIGAIL\Tanques\62176-1246-A01 LIMPIO Y MARCADO\62176-1246-A01 LIMPIO Y MARCADO\62176-1251-P04.ipt"
"62176-1246-A01 LIMPIO Y MARCADO",".ipt","62176-1251-P05_Default_As Machined_","134","C:\Proyectos\COTAS ABIGAIL\COTAS ABIGAIL\Tanques\62176-1246-A01 LIMPIO Y MARCADO\62176-1246-A01 LIMPIO Y MARCADO\62176-1251-P05_Default_As Machined_.ipt"
"62176-1246-A01 LIMPIO Y MARCADO",".ipt","62176-1251-P06_ROD","92","C:\Proyectos\COTAS ABIGAIL\COTAS ABIGAIL\Tanques\62176-1246-A01 LIMPIO Y MARCADO\62176-1246-A01 LIMPIO Y MARCADO\62176-1251-P06_ROD.ipt"
"62176-1246-A01 LIMPIO Y MARCADO",".ipt","62176-1251-P07_ROD","92","C:\Proyectos\COTAS ABIGAIL\COTAS ABIGAIL\Tanques\62176-1246-A01 LIMPIO Y MARCADO\62176-1246-A01 LIMPIO Y MARCADO\62176-1251-P07_ROD.ipt"
"62176-1246-A01 LIMPIO Y MARCADO",".ipt","62176-1252-P01","116.5","C:\Proyectos\COTAS ABIGAIL\COTAS ABIGAIL\Tanques\62176-1246-A01 LIMPIO Y MARCADO\62176-1246-A01 LIMPIO Y MARCADO\62176-1252-P01.ipt"
"62176-1246-A01 LIMPIO Y MARCADO",".iam","62176-1253-A01","104","C:\Proyectos\COTAS ABIGAIL\COTAS ABIGAIL\Tanques\62176-1246-A01 LIMPIO Y MARCADO\62176-1246-A01 LIMPIO Y MARCADO\62176-1253-A01.iam"
"62176-1246-A01 LIMPIO Y MARCADO",".iam","62176-1253-A02","100.5","C:\Proyectos\COTAS ABIGAIL\COTAS ABIGAIL\Tanques\62176-1246-A01 LIMPIO Y MARCADO\62176-1246-A01 LIMPIO Y MARCADO\62176-1253-A02.iam"
"62176-1246-A01 LIMPIO Y MARCADO",".iam","62176-1253-A04_with holes","97.5","C:\Proyectos\COTAS ABIGAIL\COTAS ABIGAIL\Tanques\62176-1246-A01 LIMPIO Y MARCADO\62176-1246-A01 LIMPIO Y MARCADO\62176-1253-A04_with holes.iam"
"62176-1246-A01 LIMPIO Y MARCADO",".ipt","62176-1253-P01","113.5","C:\Proyectos\COTAS ABIGAIL\COTAS ABIGAIL\Tanques\62176-1246-A01 LIMPIO Y MARCADO\62176-1246-A01 LIMPIO Y MARCADO\62176-1253-P01.ipt"
"62176-1246-A01 LIMPIO Y MARCADO",".ipt","62176-1253-P02","98","C:\Proyectos\COTAS ABIGAIL\COTAS ABIGAIL\Tanques\62176-1246-A01 LIMPIO Y MARCADO\62176-1246-A01 LIMPIO Y MARCADO\62176-1253-P02.ipt"
"62176-1246-A01 LIMPIO Y MARCADO",".ipt","62176-1253-P03","148.5","C:\Proyectos\COTAS ABIGAIL\COTAS ABIGAIL\Tanques\62176-1246-A01 LIMPIO Y MARCADO\62176-1246-A01 LIMPIO Y MARCADO\62176-1253-P03.ipt"
"62176-1246-A01 LIMPIO Y MARCADO",".ipt","62176-1253-P04","116.5","C:\Proyectos\COTAS ABIGAIL\COTAS ABIGAIL\Tanques\62176-1246-A01 LIMPIO Y MARCADO\62176-1246-A01 LIMPIO Y MARCADO\62176-1253-P04.ipt"
"62176-1246-A01 LIMPIO Y MARCADO",".ipt","62176-1253-P05","147","C:\Proyectos\COTAS ABIGAIL\COTAS ABIGAIL\Tanques\62176-1246-A01 LIMPIO Y MARCADO\62176-1246-A01 LIMPIO Y MARCADO\62176-1253-P05.ipt"
"62176-1246-A01 LIMPIO Y MARCADO",".ipt","62176-1253-P07","147.5","C:\Proyectos\COTAS ABIGAIL\COTAS ABIGAIL\Tanques\62176-1246-A01 LIMPIO Y MARCADO\62176-1246-A01 LIMPIO Y MARCADO\62176-1253-P07.ipt"
"62176-1246-A01 LIMPIO Y MARCADO",".iam","62176-1254-A01","97","C:\Proyectos\COTAS ABIGAIL\COTAS ABIGAIL\Tanques\62176-1246-A01 LIMPIO Y MARCADO\62176-1246-A01 LIMPIO Y MARCADO\62176-1254-A01.iam"
"62176-1246-A01 LIMPIO Y MARCADO",".ipt","62176-1254-P01","114","C:\Proyectos\COTAS ABIGAIL\COTAS ABIGAIL\Tanques\62176-1246-A01 LIMPIO Y MARCADO\62176-1246-A01 LIMPIO Y MARCADO\62176-1254-P01.ipt"
"62176-1246-A01 LIMPIO Y MARCADO",".ipt","62176-1254-P02","98","C:\Proyectos\COTAS ABIGAIL\COTAS ABIGAIL\Tanques\62176-1246-A01 LIMPIO Y MARCADO\62176-1246-A01 LIMPIO Y MARCADO\62176-1254-P02.ipt"
"62176-1246-A01 LIMPIO Y MARCADO",".ipt","62176-1254-P03","152","C:\Proyectos\COTAS ABIGAIL\COTAS ABIGAIL\Tanques\62176-1246-A01 LIMPIO Y MARCADO\62176-1246-A01 LIMPIO Y MARCADO\62176-1254-P03.ipt"
"62176-1246-A01 LIMPIO Y MARCADO",".ipt","62176-1254-P04","116","C:\Proyectos\COTAS ABIGAIL\COTAS ABIGAIL\Tanques\62176-1246-A01 LIMPIO Y MARCADO\62176-1246-A01 LIMPIO Y MARCADO\62176-1254-P04.ipt"
"62176-1246-A01 LIMPIO Y MARCADO",".ipt","62176-1254-P07","156","C:\Proyectos\COTAS ABIGAIL\COTAS ABIGAIL\Tanques\62176-1246-A01 LIMPIO Y MARCADO\62176-1246-A01 LIMPIO Y MARCADO\62176-1254-P07.ipt"
"62176-1246-A01 LIMPIO Y MARCADO",".iam","62176-1259-A01","225.5","C:\Proyectos\COTAS ABIGAIL\COTAS ABIGAIL\Tanques\62176-1246-A01 LIMPIO Y MARCADO\62176-1246-A01 LIMPIO Y MARCADO\62176-1259-A01.iam"
"62176-1246-A01 LIMPIO Y MARCADO",".iam","62176-1260-A02","123.5","C:\Proyectos\COTAS ABIGAIL\COTAS ABIGAIL\Tanques\62176-1246-A01 LIMPIO Y MARCADO\62176-1246-A01 LIMPIO Y MARCADO\62176-1260-A02.iam"
"62176-1246-A01 LIMPIO Y MARCADO",".iam","62176-1260-A03","123.5","C:\Proyectos\COTAS ABIGAIL\COTAS ABIGAIL\Tanques\62176-1246-A01 LIMPIO Y MARCADO\62176-1246-A01 LIMPIO Y MARCADO\62176-1260-A03.iam"
"62176-1246-A01 LIMPIO Y MARCADO",".iam","62176-1260-A04","124","C:\Proyectos\COTAS ABIGAIL\COTAS ABIGAIL\Tanques\62176-1246-A01 LIMPIO Y MARCADO\62176-1246-A01 LIMPIO Y MARCADO\62176-1260-A04.iam"
"62176-1246-A01 LIMPIO Y MARCADO",".ipt","62176-1260-P03","99","C:\Proyectos\COTAS ABIGAIL\COTAS ABIGAIL\Tanques\62176-1246-A01 LIMPIO Y MARCADO\62176-1246-A01 LIMPIO Y MARCADO\62176-1260-P03.ipt"
"62176-1246-A01 LIMPIO Y MARCADO",".ipt","62176-1260-P04","97","C:\Proyectos\COTAS ABIGAIL\COTAS ABIGAIL\Tanques\62176-1246-A01 LIMPIO Y MARCADO\62176-1246-A01 LIMPIO Y MARCADO\62176-1260-P04.ipt"
"62176-1246-A01 LIMPIO Y MARCADO",".ipt","62176-1260-P05","96.5","C:\Proyectos\COTAS ABIGAIL\COTAS ABIGAIL\Tanques\62176-1246-A01 LIMPIO Y MARCADO\62176-1246-A01 LIMPIO Y MARCADO\62176-1260-P05.ipt"
"62176-1246-A01 LIMPIO Y MARCADO",".ipt","62176-1260-P07","119","C:\Proyectos\COTAS ABIGAIL\COTAS ABIGAIL\Tanques\62176-1246-A01 LIMPIO Y MARCADO\62176-1246-A01 LIMPIO Y MARCADO\62176-1260-P07.ipt"
"62176-1246-A01 LIMPIO Y MARCADO",".iam","62176-1359-A06","448","C:\Proyectos\COTAS ABIGAIL\COTAS ABIGAIL\Tanques\62176-1246-A01 LIMPIO Y MARCADO\62176-1246-A01 LIMPIO Y MARCADO\62176-1359-A06.iam"
"62176-1246-A01 LIMPIO Y MARCADO",".ipt","FPP-PELSUE","145","C:\Proyectos\COTAS ABIGAIL\COTAS ABIGAIL\Tanques\62176-1246-A01 LIMPIO Y MARCADO\62176-1246-A01 LIMPIO Y MARCADO\FPP-PELSUE.ipt"
"62176-1246-A01 LIMPIO Y MARCADO",".ipt","FT-PRD-01","218.5","C:\Proyectos\COTAS ABIGAIL\COTAS ABIGAIL\Tanques\62176-1246-A01 LIMPIO Y MARCADO\62176-1246-A01 LIMPIO Y MARCADO\FT-PRD-01.ipt"
"62176-1246-A01 LIMPIO Y MARCADO",".ipt","GUN STUD","95.5","C:\Proyectos\COTAS ABIGAIL\COTAS ABIGAIL\Tanques\62176-1246-A01 LIMPIO Y MARCADO\62176-1246-A01 LIMPIO Y MARCADO\GUN STUD.ipt"
"62176-1246-A01 LIMPIO Y MARCADO",".ipt","GUNSTUD 2","93","C:\Proyectos\COTAS ABIGAIL\COTAS ABIGAIL\Tanques\62176-1246-A01 LIMPIO Y MARCADO\62176-1246-A01 LIMPIO Y MARCADO\GUNSTUD 2.ipt"
"62176-1246-A01 LIMPIO Y MARCADO",".ipt","HW-CN-01","102.5","C:\Proyectos\COTAS ABIGAIL\COTAS ABIGAIL\Tanques\62176-1246-A01 LIMPIO Y MARCADO\62176-1246-A01 LIMPIO Y MARCADO\HW-CN-01.ipt"
"62176-1246-A01 LIMPIO Y MARCADO",".ipt","HW-FW-01","113.5","C:\Proyectos\COTAS ABIGAIL\COTAS ABIGAIL\Tanques\62176-1246-A01 LIMPIO Y MARCADO\62176-1246-A01 LIMPIO Y MARCADO\HW-FW-01.ipt"
"62176-1246-A01 LIMPIO Y MARCADO",".ipt","HW-HN-03_95462A033","143","C:\Proyectos\COTAS ABIGAIL\COTAS ABIGAIL\Tanques\62176-1246-A01 LIMPIO Y MARCADO\62176-1246-A01 LIMPIO Y MARCADO\HW-HN-03_95462A033.ipt"
"62176-1246-A01 LIMPIO Y MARCADO",".ipt","L845.RADVLV","247.5","C:\Proyectos\COTAS ABIGAIL\COTAS ABIGAIL\Tanques\62176-1246-A01 LIMPIO Y MARCADO\62176-1246-A01 LIMPIO Y MARCADO\L845.RADVLV.ipt"
"62176-1246-A01 LIMPIO Y MARCADO",".ipt","SF-CP-04_4513K263","1254.5","C:\Proyectos\COTAS ABIGAIL\COTAS ABIGAIL\Tanques\62176-1246-A01 LIMPIO Y MARCADO\62176-1246-A01 LIMPIO Y MARCADO\SF-CP-04_4513K263.ipt"
"62176-1246-A01 LIMPIO Y MARCADO",".ipt","SF-HC-01_4452K212","131.5","C:\Proyectos\COTAS ABIGAIL\COTAS ABIGAIL\Tanques\62176-1246-A01 LIMPIO Y MARCADO\62176-1246-A01 LIMPIO Y MARCADO\SF-HC-01_4452K212.ipt"
"62176-1246-A01 LIMPIO Y MARCADO",".ipt","SF-NP-03_7753K124","154.5","C:\Proyectos\COTAS ABIGAIL\COTAS ABIGAIL\Tanques\62176-1246-A01 LIMPIO Y MARCADO\62176-1246-A01 LIMPIO Y MARCADO\SF-NP-03_7753K124.ipt"
"62176-1246-A01 LIMPIO Y MARCADO",".ipt","SP-702","144","C:\Proyectos\COTAS ABIGAIL\COTAS ABIGAIL\Tanques\62176-1246-A01 LIMPIO Y MARCADO\62176-1246-A01 LIMPIO Y MARCADO\SP-702.ipt"
"62176-1246-A01 LIMPIO Y MARCADO",".ipt","SP-710","142.5","C:\Proyectos\COTAS ABIGAIL\COTAS ABIGAIL\Tanques\62176-1246-A01 LIMPIO Y MARCADO\62176-1246-A01 LIMPIO Y MARCADO\SP-710.ipt"
"62176-1246-A01 LIMPIO Y MARCADO",".ipt","SP-736","125","C:\Proyectos\COTAS ABIGAIL\COTAS ABIGAIL\Tanques\62176-1246-A01 LIMPIO Y MARCADO\62176-1246-A01 LIMPIO Y MARCADO\SP-736.ipt"
"62176-1246-A01 LIMPIO Y MARCADO",".iam","SP-740","94.5","C:\Proyectos\COTAS ABIGAIL\COTAS ABIGAIL\Tanques\62176-1246-A01 LIMPIO Y MARCADO\62176-1246-A01 LIMPIO Y MARCADO\SP-740.iam"
"62176-1246-A01 LIMPIO Y MARCADO",".ipt","SP-740_1","126.5","C:\Proyectos\COTAS ABIGAIL\COTAS ABIGAIL\Tanques\62176-1246-A01 LIMPIO Y MARCADO\62176-1246-A01 LIMPIO Y MARCADO\SP-740_1.ipt"
"62176-1246-A01 LIMPIO Y MARCADO",".ipt","SP-740_2","120","C:\Proyectos\COTAS ABIGAIL\COTAS ABIGAIL\Tanques\62176-1246-A01 LIMPIO Y MARCADO\62176-1246-A01 LIMPIO Y MARCADO\SP-740_2.ipt"
"62176-1246-A01 LIMPIO Y MARCADO",".ipt","SP-741","142","C:\Proyectos\COTAS ABIGAIL\COTAS ABIGAIL\Tanques\62176-1246-A01 LIMPIO Y MARCADO\62176-1246-A01 LIMPIO Y MARCADO\SP-741.ipt"
"62176-1246-A01 LIMPIO Y MARCADO",".ipt","SP-742","143.5","C:\Proyectos\COTAS ABIGAIL\COTAS ABIGAIL\Tanques\62176-1246-A01 LIMPIO Y MARCADO\62176-1246-A01 LIMPIO Y MARCADO\SP-742.ipt"
"62176-1246-A01 LIMPIO Y MARCADO",".iam","SP-752","101","C:\Proyectos\COTAS ABIGAIL\COTAS ABIGAIL\Tanques\62176-1246-A01 LIMPIO Y MARCADO\62176-1246-A01 LIMPIO Y MARCADO\SP-752.iam"
"62176-1246-A01 LIMPIO Y MARCADO",".ipt","SP-752_1","140","C:\Proyectos\COTAS ABIGAIL\COTAS ABIGAIL\Tanques\62176-1246-A01 LIMPIO Y MARCADO\62176-1246-A01 LIMPIO Y MARCADO\SP-752_1.ipt"
"62176-1246-A01 LIMPIO Y MARCADO",".ipt","SP-752_2","121.5","C:\Proyectos\COTAS ABIGAIL\COTAS ABIGAIL\Tanques\62176-1246-A01 LIMPIO Y MARCADO\62176-1246-A01 LIMPIO Y MARCADO\SP-752_2.ipt"
"62176-1246-A01 LIMPIO Y MARCADO",".iam","SP-767","118","C:\Proyectos\COTAS ABIGAIL\COTAS ABIGAIL\Tanques\62176-1246-A01 LIMPIO Y MARCADO\62176-1246-A01 LIMPIO Y MARCADO\SP-767.iam"
"62176-1246-A01 LIMPIO Y MARCADO",".ipt","SP-767_1","121.5","C:\Proyectos\COTAS ABIGAIL\COTAS ABIGAIL\Tanques\62176-1246-A01 LIMPIO Y MARCADO\62176-1246-A01 LIMPIO Y MARCADO\SP-767_1.ipt"
"62176-1246-A01 LIMPIO Y MARCADO",".ipt","SP-767_2","153.5","C:\Proyectos\COTAS ABIGAIL\COTAS ABIGAIL\Tanques\62176-1246-A01 LIMPIO Y MARCADO\62176-1246-A01 LIMPIO Y MARCADO\SP-767_2.ipt"
"62176-1246-A01 LIMPIO Y MARCADO",".iam","SP-771","103.5","C:\Proyectos\COTAS ABIGAIL\COTAS ABIGAIL\Tanques\62176-1246-A01 LIMPIO Y MARCADO\62176-1246-A01 LIMPIO Y MARCADO\SP-771.iam"
"62176-1246-A01 LIMPIO Y MARCADO",".ipt","SP-771_1","119","C:\Proyectos\COTAS ABIGAIL\COTAS ABIGAIL\Tanques\62176-1246-A01 LIMPIO Y MARCADO\62176-1246-A01 LIMPIO Y MARCADO\SP-771_1.ipt"
"62176-1246-A01 LIMPIO Y MARCADO",".ipt","SP-771_2","118.5","C:\Proyectos\COTAS ABIGAIL\COTAS ABIGAIL\Tanques\62176-1246-A01 LIMPIO Y MARCADO\62176-1246-A01 LIMPIO Y MARCADO\SP-771_2.ipt"
"62176-1246-A01 LIMPIO Y MARCADO",".ipt","SP-774","114.5","C:\Proyectos\COTAS ABIGAIL\COTAS ABIGAIL\Tanques\62176-1246-A01 LIMPIO Y MARCADO\62176-1246-A01 LIMPIO Y MARCADO\SP-774.ipt"
"62176-1246-A01 LIMPIO Y MARCADO",".iam","SP-776","213","C:\Proyectos\COTAS ABIGAIL\COTAS ABIGAIL\Tanques\62176-1246-A01 LIMPIO Y MARCADO\62176-1246-A01 LIMPIO Y MARCADO\SP-776.iam"
"62176-1246-A01 LIMPIO Y MARCADO",".ipt","SP-776_1","164.5","C:\Proyectos\COTAS ABIGAIL\COTAS ABIGAIL\Tanques\62176-1246-A01 LIMPIO Y MARCADO\62176-1246-A01 LIMPIO Y MARCADO\SP-776_1.ipt"
"62176-1246-A01 LIMPIO Y MARCADO",".ipt","SP-776_2","117.5","C:\Proyectos\COTAS ABIGAIL\COTAS ABIGAIL\Tanques\62176-1246-A01 LIMPIO Y MARCADO\62176-1246-A01 LIMPIO Y MARCADO\SP-776_2.ipt"
"62176-1246-A01 LIMPIO Y MARCADO",".ipt","SP-776_3","323.5","C:\Proyectos\COTAS ABIGAIL\COTAS ABIGAIL\Tanques\62176-1246-A01 LIMPIO Y MARCADO\62176-1246-A01 LIMPIO Y MARCADO\SP-776_3.ipt"
"62176-1246-A01 LIMPIO Y MARCADO",".ipt","SP-776_4","105.5","C:\Proyectos\COTAS ABIGAIL\COTAS ABIGAIL\Tanques\62176-1246-A01 LIMPIO Y MARCADO\62176-1246-A01 LIMPIO Y MARCADO\SP-776_4.ipt"
"62176-1246-A01 LIMPIO Y MARCADO",".iam","SP-788","105.5","C:\Proyectos\COTAS ABIGAIL\COTAS ABIGAIL\Tanques\62176-1246-A01 LIMPIO Y MARCADO\62176-1246-A01 LIMPIO Y MARCADO\SP-788.iam"
"62176-1246-A01 LIMPIO Y MARCADO",".ipt","SP-788_1","111.5","C:\Proyectos\COTAS ABIGAIL\COTAS ABIGAIL\Tanques\62176-1246-A01 LIMPIO Y MARCADO\62176-1246-A01 LIMPIO Y MARCADO\SP-788_1.ipt"
"62176-1246-A01 LIMPIO Y MARCADO",".ipt","SP-788_2","150","C:\Proyectos\COTAS ABIGAIL\COTAS ABIGAIL\Tanques\62176-1246-A01 LIMPIO Y MARCADO\62176-1246-A01 LIMPIO Y MARCADO\SP-788_2.ipt"
"62176-1246-A01 LIMPIO Y MARCADO",".ipt","SP-792","147","C:\Proyectos\COTAS ABIGAIL\COTAS ABIGAIL\Tanques\62176-1246-A01 LIMPIO Y MARCADO\62176-1246-A01 LIMPIO Y MARCADO\SP-792.ipt"
"62176-1246-A01 LIMPIO Y MARCADO",".iam","SP-792_1","89.5","C:\Proyectos\COTAS ABIGAIL\COTAS ABIGAIL\Tanques\62176-1246-A01 LIMPIO Y MARCADO\62176-1246-A01 LIMPIO Y MARCADO\SP-792_1.iam"
"62176-1246-A01 LIMPIO Y MARCADO",".ipt","SP-792_1_1","130.5","C:\Proyectos\COTAS ABIGAIL\COTAS ABIGAIL\Tanques\62176-1246-A01 LIMPIO Y MARCADO\62176-1246-A01 LIMPIO Y MARCADO\SP-792_1_1.ipt"
"62176-1246-A01 LIMPIO Y MARCADO",".ipt","SP-792_1_2","110.5","C:\Proyectos\COTAS ABIGAIL\COTAS ABIGAIL\Tanques\62176-1246-A01 LIMPIO Y MARCADO\62176-1246-A01 LIMPIO Y MARCADO\SP-792_1_2.ipt"
"62176-1246-A01 LIMPIO Y MARCADO",".ipt","SP-792_1_3","106","C:\Proyectos\COTAS ABIGAIL\COTAS ABIGAIL\Tanques\62176-1246-A01 LIMPIO Y MARCADO\62176-1246-A01 LIMPIO Y MARCADO\SP-792_1_3.ipt"
"62176-1246-A01 LIMPIO Y MARCADO",".ipt","SP-797","150.5","C:\Proyectos\COTAS ABIGAIL\COTAS ABIGAIL\Tanques\62176-1246-A01 LIMPIO Y MARCADO\62176-1246-A01 LIMPIO Y MARCADO\SP-797.ipt"
"62176-1246-A01 LIMPIO Y MARCADO",".ipt","SP-798","119","C:\Proyectos\COTAS ABIGAIL\COTAS ABIGAIL\Tanques\62176-1246-A01 LIMPIO Y MARCADO\62176-1246-A01 LIMPIO Y MARCADO\SP-798.ipt"
"62176-1246-A01 LIMPIO Y MARCADO",".ipt","SP-799","152","C:\Proyectos\COTAS ABIGAIL\COTAS ABIGAIL\Tanques\62176-1246-A01 LIMPIO Y MARCADO\62176-1246-A01 LIMPIO Y MARCADO\SP-799.ipt"
"62176-1246-A01 LIMPIO Y MARCADO",".ipt","SP-800","117","C:\Proyectos\COTAS ABIGAIL\COTAS ABIGAIL\Tanques\62176-1246-A01 LIMPIO Y MARCADO\62176-1246-A01 LIMPIO Y MARCADO\SP-800.ipt"
"62176-1246-A01 LIMPIO Y MARCADO",".iam","SP-851","83","C:\Proyectos\COTAS ABIGAIL\COTAS ABIGAIL\Tanques\62176-1246-A01 LIMPIO Y MARCADO\62176-1246-A01 LIMPIO Y MARCADO\SP-851.iam"
"62176-1246-A01 LIMPIO Y MARCADO",".ipt","SP-851_1","125","C:\Proyectos\COTAS ABIGAIL\COTAS ABIGAIL\Tanques\62176-1246-A01 LIMPIO Y MARCADO\62176-1246-A01 LIMPIO Y MARCADO\SP-851_1.ipt"
"62176-1246-A01 LIMPIO Y MARCADO",".ipt","SP-851_2","112","C:\Proyectos\COTAS ABIGAIL\COTAS ABIGAIL\Tanques\62176-1246-A01 LIMPIO Y MARCADO\62176-1246-A01 LIMPIO Y MARCADO\SP-851_2.ipt"
"62176-1246-A01 LIMPIO Y MARCADO",".iam","SP-852","88","C:\Proyectos\COTAS ABIGAIL\COTAS ABIGAIL\Tanques\62176-1246-A01 LIMPIO Y MARCADO\62176-1246-A01 LIMPIO Y MARCADO\SP-852.iam"
"62176-1246-A01 LIMPIO Y MARCADO",".ipt","SP-852_1","132.5","C:\Proyectos\COTAS ABIGAIL\COTAS ABIGAIL\Tanques\62176-1246-A01 LIMPIO Y MARCADO\62176-1246-A01 LIMPIO Y MARCADO\SP-852_1.ipt"
"62176-1246-A01 LIMPIO Y MARCADO",".ipt","SP-852_2","116","C:\Proyectos\COTAS ABIGAIL\COTAS ABIGAIL\Tanques\62176-1246-A01 LIMPIO Y MARCADO\62176-1246-A01 LIMPIO Y MARCADO\SP-852_2.ipt"
"62176-1246-A01 LIMPIO Y MARCADO",".ipt","SP-855","102.5","C:\Proyectos\COTAS ABIGAIL\COTAS ABIGAIL\Tanques\62176-1246-A01 LIMPIO Y MARCADO\62176-1246-A01 LIMPIO Y MARCADO\SP-855.ipt"
"MODELO VANTRAN 251007",".ipt","AISC 1x1_2 1753710248467","96","C:\Proyectos\COTAS ABIGAIL\COTAS ABIGAIL\Tanques\MODELO VANTRAN 251007\MODELO VANTRAN 251007\AISC 1x1_2 1753710248467.ipt"
"MODELO VANTRAN 251007",".ipt","AISC 1x1_2 1753710248543","95.5","C:\Proyectos\COTAS ABIGAIL\COTAS ABIGAIL\Tanques\MODELO VANTRAN 251007\MODELO VANTRAN 251007\AISC 1x1_2 1753710248543.ipt"
"MODELO VANTRAN 251007",".ipt","AISC 1x1_2 1753710248611","95","C:\Proyectos\COTAS ABIGAIL\COTAS ABIGAIL\Tanques\MODELO VANTRAN 251007\MODELO VANTRAN 251007\AISC 1x1_2 1753710248611.ipt"
"MODELO VANTRAN 251007",".ipt","AISC 1x1_2 1753710248681","95","C:\Proyectos\COTAS ABIGAIL\COTAS ABIGAIL\Tanques\MODELO VANTRAN 251007\MODELO VANTRAN 251007\AISC 1x1_2 1753710248681.ipt"
"MODELO VANTRAN 251007",".ipt","AISC 1x1_2 1753710248747","95.5","C:\Proyectos\COTAS ABIGAIL\COTAS ABIGAIL\Tanques\MODELO VANTRAN 251007\MODELO VANTRAN 251007\AISC 1x1_2 1753710248747.ipt"
"MODELO VANTRAN 251007",".ipt","AISC 1x1_2 1753710248816","95","C:\Proyectos\COTAS ABIGAIL\COTAS ABIGAIL\Tanques\MODELO VANTRAN 251007\MODELO VANTRAN 251007\AISC 1x1_2 1753710248816.ipt"
"MODELO VANTRAN 251007",".ipt","AISC 1x1_2 1753710248886","95.5","C:\Proyectos\COTAS ABIGAIL\COTAS ABIGAIL\Tanques\MODELO VANTRAN 251007\MODELO VANTRAN 251007\AISC 1x1_2 1753710248886.ipt"
"MODELO VANTRAN 251007",".ipt","AISC 1x1_2 1753710248954","96","C:\Proyectos\COTAS ABIGAIL\COTAS ABIGAIL\Tanques\MODELO VANTRAN 251007\MODELO VANTRAN 251007\AISC 1x1_2 1753710248954.ipt"
"MODELO VANTRAN 251007",".iam","Assembly Segmento 1","223","C:\Proyectos\COTAS ABIGAIL\COTAS ABIGAIL\Tanques\MODELO VANTRAN 251007\MODELO VANTRAN 251007\Assembly Segmento 1.iam"
"MODELO VANTRAN 251007",".iam","Assembly Segmento 2","112","C:\Proyectos\COTAS ABIGAIL\COTAS ABIGAIL\Tanques\MODELO VANTRAN 251007\MODELO VANTRAN 251007\Assembly Segmento 2.iam"
"MODELO VANTRAN 251007",".iam","Assembly Segmento 3","91","C:\Proyectos\COTAS ABIGAIL\COTAS ABIGAIL\Tanques\MODELO VANTRAN 251007\MODELO VANTRAN 251007\Assembly Segmento 3.iam"
"MODELO VANTRAN 251007",".iam","Assembly Segmento 4","172","C:\Proyectos\COTAS ABIGAIL\COTAS ABIGAIL\Tanques\MODELO VANTRAN 251007\MODELO VANTRAN 251007\Assembly Segmento 4.iam"
"MODELO VANTRAN 251007",".iam","Base de soleras","126.5","C:\Proyectos\COTAS ABIGAIL\COTAS ABIGAIL\Tanques\MODELO VANTRAN 251007\MODELO VANTRAN 251007\Base de soleras.iam"
"MODELO VANTRAN 251007",".iam","Base Vantran solera Ansi Aisc rectangular 1X1.2 ","79.5","C:\Proyectos\COTAS ABIGAIL\COTAS ABIGAIL\Tanques\MODELO VANTRAN 251007\MODELO VANTRAN 251007\Base Vantran solera Ansi Aisc rectangular 1X1.2 .iam"
"MODELO VANTRAN 251007",".ipt","BUSHING PATCH TAPA 2","118","C:\Proyectos\COTAS ABIGAIL\COTAS ABIGAIL\Tanques\MODELO VANTRAN 251007\MODELO VANTRAN 251007\BUSHING PATCH TAPA 2.ipt"
"MODELO VANTRAN 251007",".ipt","BUSHING PATCH TAPA","112.5","C:\Proyectos\COTAS ABIGAIL\COTAS ABIGAIL\Tanques\MODELO VANTRAN 251007\MODELO VANTRAN 251007\BUSHING PATCH TAPA.ipt"
"MODELO VANTRAN 251007",".ipt","CBOX BRACKET","122","C:\Proyectos\COTAS ABIGAIL\COTAS ABIGAIL\Tanques\MODELO VANTRAN 251007\MODELO VANTRAN 251007\CBOX BRACKET.ipt"
"MODELO VANTRAN 251007",".ipt","CUADRO BASE","117.5","C:\Proyectos\COTAS ABIGAIL\COTAS ABIGAIL\Tanques\MODELO VANTRAN 251007\MODELO VANTRAN 251007\CUADRO BASE.ipt"
"MODELO VANTRAN 251007",".ipt","H.V parking Std","125","C:\Proyectos\COTAS ABIGAIL\COTAS ABIGAIL\Tanques\MODELO VANTRAN 251007\MODELO VANTRAN 251007\H.V parking Std.ipt"
"MODELO VANTRAN 251007",".ipt","Inspection_Plate","134.5","C:\Proyectos\COTAS ABIGAIL\COTAS ABIGAIL\Tanques\MODELO VANTRAN 251007\MODELO VANTRAN 251007\Inspection_Plate.ipt"
"MODELO VANTRAN 251007",".iam","JACKING PADS ASSEMBLY","122","C:\Proyectos\COTAS ABIGAIL\COTAS ABIGAIL\Tanques\MODELO VANTRAN 251007\MODELO VANTRAN 251007\JACKING PADS ASSEMBLY.iam"
"MODELO VANTRAN 251007",".iam","JACKING PADS ASSEMBLY_1","120","C:\Proyectos\COTAS ABIGAIL\COTAS ABIGAIL\Tanques\MODELO VANTRAN 251007\MODELO VANTRAN 251007\JACKING PADS ASSEMBLY_1.iam"
"MODELO VANTRAN 251007",".ipt","jacking pads","143","C:\Proyectos\COTAS ABIGAIL\COTAS ABIGAIL\Tanques\MODELO VANTRAN 251007\MODELO VANTRAN 251007\jacking pads.ipt"
"MODELO VANTRAN 251007",".ipt","jacking pads_1","111.5","C:\Proyectos\COTAS ABIGAIL\COTAS ABIGAIL\Tanques\MODELO VANTRAN 251007\MODELO VANTRAN 251007\jacking pads_1.ipt"
"MODELO VANTRAN 251007",".ipt","Marco de Soleras","101.5","C:\Proyectos\COTAS ABIGAIL\COTAS ABIGAIL\Tanques\MODELO VANTRAN 251007\MODELO VANTRAN 251007\Marco de Soleras.ipt"
"MODELO VANTRAN 251007",".iam","MODELO VANTRAN 251007","550","C:\Proyectos\COTAS ABIGAIL\COTAS ABIGAIL\Tanques\MODELO VANTRAN 251007\MODELO VANTRAN 251007\MODELO VANTRAN 251007.iam"
"MODELO VANTRAN 251007",".ipt","OIL GAUGE BOSS","130.5","C:\Proyectos\COTAS ABIGAIL\COTAS ABIGAIL\Tanques\MODELO VANTRAN 251007\MODELO VANTRAN 251007\OIL GAUGE BOSS.ipt"
"MODELO VANTRAN 251007",".iam","Parking Stand w base","69.5","C:\Proyectos\COTAS ABIGAIL\COTAS ABIGAIL\Tanques\MODELO VANTRAN 251007\MODELO VANTRAN 251007\Parking Stand w base.iam"
"MODELO VANTRAN 251007",".ipt","PIPE FLANE 0.375","149","C:\Proyectos\COTAS ABIGAIL\COTAS ABIGAIL\Tanques\MODELO VANTRAN 251007\MODELO VANTRAN 251007\PIPE FLANE 0.375.ipt"
"MODELO VANTRAN 251007",".ipt","PIPE FLANGE 0.250","144","C:\Proyectos\COTAS ABIGAIL\COTAS ABIGAIL\Tanques\MODELO VANTRAN 251007\MODELO VANTRAN 251007\PIPE FLANGE 0.250.ipt"
"MODELO VANTRAN 251007",".ipt","PIPE FLANGE 0.250_1","144","C:\Proyectos\COTAS ABIGAIL\COTAS ABIGAIL\Tanques\MODELO VANTRAN 251007\MODELO VANTRAN 251007\PIPE FLANGE 0.250_1.ipt"
"MODELO VANTRAN 251007",".ipt","PIPE FLANGE 0.500","149","C:\Proyectos\COTAS ABIGAIL\COTAS ABIGAIL\Tanques\MODELO VANTRAN 251007\MODELO VANTRAN 251007\PIPE FLANGE 0.500.ipt"
"MODELO VANTRAN 251007",".ipt","PIPE FLANGE 1","162.5","C:\Proyectos\COTAS ABIGAIL\COTAS ABIGAIL\Tanques\MODELO VANTRAN 251007\MODELO VANTRAN 251007\PIPE FLANGE 1.ipt"
"MODELO VANTRAN 251007",".ipt","PIPE HALF NIPPLE 2","123","C:\Proyectos\COTAS ABIGAIL\COTAS ABIGAIL\Tanques\MODELO VANTRAN 251007\MODELO VANTRAN 251007\PIPE HALF NIPPLE 2.ipt"
"MODELO VANTRAN 251007",".ipt","Placa Base de Soleras","272","C:\Proyectos\COTAS ABIGAIL\COTAS ABIGAIL\Tanques\MODELO VANTRAN 251007\MODELO VANTRAN 251007\Placa Base de Soleras.ipt"
"MODELO VANTRAN 251007",".ipt","Placa Segmento 1","284.5","C:\Proyectos\COTAS ABIGAIL\COTAS ABIGAIL\Tanques\MODELO VANTRAN 251007\MODELO VANTRAN 251007\Placa Segmento 1.ipt"
"MODELO VANTRAN 251007",".ipt","Placa Segmento 2","238.5","C:\Proyectos\COTAS ABIGAIL\COTAS ABIGAIL\Tanques\MODELO VANTRAN 251007\MODELO VANTRAN 251007\Placa Segmento 2.ipt"
"MODELO VANTRAN 251007",".ipt","Placa Segmento 3","239","C:\Proyectos\COTAS ABIGAIL\COTAS ABIGAIL\Tanques\MODELO VANTRAN 251007\MODELO VANTRAN 251007\Placa Segmento 3.ipt"
"MODELO VANTRAN 251007",".ipt","Placa Segmento 4","233.5","C:\Proyectos\COTAS ABIGAIL\COTAS ABIGAIL\Tanques\MODELO VANTRAN 251007\MODELO VANTRAN 251007\Placa Segmento 4.ipt"
"MODELO VANTRAN 251007",".ipt","PLAQUITA DSE BASE","93.5","C:\Proyectos\COTAS ABIGAIL\COTAS ABIGAIL\Tanques\MODELO VANTRAN 251007\MODELO VANTRAN 251007\PLAQUITA DSE BASE.ipt"
"MODELO VANTRAN 251007",".ipt","Solera Jacking Pad","97","C:\Proyectos\COTAS ABIGAIL\COTAS ABIGAIL\Tanques\MODELO VANTRAN 251007\MODELO VANTRAN 251007\Solera Jacking Pad.ipt"
"MODELO VANTRAN 251007",".ipt","Solera Jacking Pad_1","95.5","C:\Proyectos\COTAS ABIGAIL\COTAS ABIGAIL\Tanques\MODELO VANTRAN 251007\MODELO VANTRAN 251007\Solera Jacking Pad_1.ipt"
"MODELO VANTRAN 251007",".ipt","Solera Segmento 1","96.5","C:\Proyectos\COTAS ABIGAIL\COTAS ABIGAIL\Tanques\MODELO VANTRAN 251007\MODELO VANTRAN 251007\Solera Segmento 1.ipt"
"MODELO VANTRAN 251007",".ipt","Solera Segmento 1_1","94","C:\Proyectos\COTAS ABIGAIL\COTAS ABIGAIL\Tanques\MODELO VANTRAN 251007\MODELO VANTRAN 251007\Solera Segmento 1_1.ipt"
"MODELO VANTRAN 251007",".ipt","Solera Segmento 1_2","94","C:\Proyectos\COTAS ABIGAIL\COTAS ABIGAIL\Tanques\MODELO VANTRAN 251007\MODELO VANTRAN 251007\Solera Segmento 1_2.ipt"
"MODELO VANTRAN 251007",".ipt","Solera Segmento 1_3","94","C:\Proyectos\COTAS ABIGAIL\COTAS ABIGAIL\Tanques\MODELO VANTRAN 251007\MODELO VANTRAN 251007\Solera Segmento 1_3.ipt"
"MODELO VANTRAN 251007",".ipt","STAINLESS GROUND PAD","115.5","C:\Proyectos\COTAS ABIGAIL\COTAS ABIGAIL\Tanques\MODELO VANTRAN 251007\MODELO VANTRAN 251007\STAINLESS GROUND PAD.ipt"
"MODELO VANTRAN 251007",".ipt","SWITCH PATCH 1","114.5","C:\Proyectos\COTAS ABIGAIL\COTAS ABIGAIL\Tanques\MODELO VANTRAN 251007\MODELO VANTRAN 251007\SWITCH PATCH 1.ipt"
"MODELO VANTRAN 251007",".ipt","TIERRA REDONDA","148.5","C:\Proyectos\COTAS ABIGAIL\COTAS ABIGAIL\Tanques\MODELO VANTRAN 251007\MODELO VANTRAN 251007\TIERRA REDONDA.ipt"
"MODELO VANTRAN 251007",".ipt","Top_Cover_1","113.5","C:\Proyectos\COTAS ABIGAIL\COTAS ABIGAIL\Tanques\MODELO VANTRAN 251007\MODELO VANTRAN 251007\Top_Cover_1.ipt"
"MODELO VANTRAN 251007",".iam","Top_Cover_Assembly1","86.5","C:\Proyectos\COTAS ABIGAIL\COTAS ABIGAIL\Tanques\MODELO VANTRAN 251007\MODELO VANTRAN 251007\Top_Cover_Assembly1.iam"
"MODELO VANTRAN 251007",".ipt","VT-5657-R1-D3000 Lifting Lug With Chain Retainer","120.5","C:\Proyectos\COTAS ABIGAIL\COTAS ABIGAIL\Tanques\MODELO VANTRAN 251007\MODELO VANTRAN 251007\VT-5657-R1-D3000 Lifting Lug With Chain Retainer.ipt"
"MODELO VANTRAN 251007",".ipt","VT-5657-R1-D3000 Lifting Lug With Chain Retainer_1","120.5","C:\Proyectos\COTAS ABIGAIL\COTAS ABIGAIL\Tanques\MODELO VANTRAN 251007\MODELO VANTRAN 251007\VT-5657-R1-D3000 Lifting Lug With Chain Retainer_1.ipt"
"SUNBELT TANK 3,750KVA sin ATC",".ipt","1.2-13 Stainless Steel H","622","C:\Proyectos\COTAS ABIGAIL\COTAS ABIGAIL\Tanques\SUNBELT TANK 3,750KVA sin ATC\SUNBELT TANK 3,750KVA sin ATC\1.2-13 Stainless Steel H.ipt"
"SUNBELT TANK 3,750KVA sin ATC",".ipt","1.2-13 Stainless Steel H001","626","C:\Proyectos\COTAS ABIGAIL\COTAS ABIGAIL\Tanques\SUNBELT TANK 3,750KVA sin ATC\SUNBELT TANK 3,750KVA sin ATC\1.2-13 Stainless Steel H001.ipt"
"SUNBELT TANK 3,750KVA sin ATC",".iam","ANGLE ASSEMBLY","436.5","C:\Proyectos\COTAS ABIGAIL\COTAS ABIGAIL\Tanques\SUNBELT TANK 3,750KVA sin ATC\SUNBELT TANK 3,750KVA sin ATC\ANGLE ASSEMBLY.iam"
"SUNBELT TANK 3,750KVA sin ATC",".ipt","Angulo cover 2","103","C:\Proyectos\COTAS ABIGAIL\COTAS ABIGAIL\Tanques\SUNBELT TANK 3,750KVA sin ATC\SUNBELT TANK 3,750KVA sin ATC\Angulo cover 2.ipt"
"SUNBELT TANK 3,750KVA sin ATC",".ipt","Angulo cover","105.5","C:\Proyectos\COTAS ABIGAIL\COTAS ABIGAIL\Tanques\SUNBELT TANK 3,750KVA sin ATC\SUNBELT TANK 3,750KVA sin ATC\Angulo cover.ipt"
"SUNBELT TANK 3,750KVA sin ATC",".ipt","BACK BRACE ASSEMBLY","108.5","C:\Proyectos\COTAS ABIGAIL\COTAS ABIGAIL\Tanques\SUNBELT TANK 3,750KVA sin ATC\SUNBELT TANK 3,750KVA sin ATC\BACK BRACE ASSEMBLY.ipt"
"SUNBELT TANK 3,750KVA sin ATC",".iam","Base completa","112.5","C:\Proyectos\COTAS ABIGAIL\COTAS ABIGAIL\Tanques\SUNBELT TANK 3,750KVA sin ATC\SUNBELT TANK 3,750KVA sin ATC\Base completa.iam"
"SUNBELT TANK 3,750KVA sin ATC",".ipt","Base doblada","277","C:\Proyectos\COTAS ABIGAIL\COTAS ABIGAIL\Tanques\SUNBELT TANK 3,750KVA sin ATC\SUNBELT TANK 3,750KVA sin ATC\Base doblada.ipt"
"SUNBELT TANK 3,750KVA sin ATC",".iam","BISAGRA 005","80.5","C:\Proyectos\COTAS ABIGAIL\COTAS ABIGAIL\Tanques\SUNBELT TANK 3,750KVA sin ATC\SUNBELT TANK 3,750KVA sin ATC\BISAGRA 005.iam"
"SUNBELT TANK 3,750KVA sin ATC",".ipt","BISAGRA 1","136","C:\Proyectos\COTAS ABIGAIL\COTAS ABIGAIL\Tanques\SUNBELT TANK 3,750KVA sin ATC\SUNBELT TANK 3,750KVA sin ATC\BISAGRA 1.ipt"
"SUNBELT TANK 3,750KVA sin ATC",".iam","BISAGRA 2","80","C:\Proyectos\COTAS ABIGAIL\COTAS ABIGAIL\Tanques\SUNBELT TANK 3,750KVA sin ATC\SUNBELT TANK 3,750KVA sin ATC\BISAGRA 2.iam"
"SUNBELT TANK 3,750KVA sin ATC",".ipt","BISAGRA 3","103.5","C:\Proyectos\COTAS ABIGAIL\COTAS ABIGAIL\Tanques\SUNBELT TANK 3,750KVA sin ATC\SUNBELT TANK 3,750KVA sin ATC\BISAGRA 3.ipt"
"SUNBELT TANK 3,750KVA sin ATC",".iam","BISAGRA COVER","97","C:\Proyectos\COTAS ABIGAIL\COTAS ABIGAIL\Tanques\SUNBELT TANK 3,750KVA sin ATC\SUNBELT TANK 3,750KVA sin ATC\BISAGRA COVER.iam"
"SUNBELT TANK 3,750KVA sin ATC",".iam","BISAGRA COVER_1","97","C:\Proyectos\COTAS ABIGAIL\COTAS ABIGAIL\Tanques\SUNBELT TANK 3,750KVA sin ATC\SUNBELT TANK 3,750KVA sin ATC\BISAGRA COVER_1.iam"
"SUNBELT TANK 3,750KVA sin ATC",".ipt","BRACE CAP","95.5","C:\Proyectos\COTAS ABIGAIL\COTAS ABIGAIL\Tanques\SUNBELT TANK 3,750KVA sin ATC\SUNBELT TANK 3,750KVA sin ATC\BRACE CAP.ipt"
"SUNBELT TANK 3,750KVA sin ATC",".ipt","BRACE CAP_1","96","C:\Proyectos\COTAS ABIGAIL\COTAS ABIGAIL\Tanques\SUNBELT TANK 3,750KVA sin ATC\SUNBELT TANK 3,750KVA sin ATC\BRACE CAP_1.ipt"
"SUNBELT TANK 3,750KVA sin ATC",".ipt","Caja tanque","148","C:\Proyectos\COTAS ABIGAIL\COTAS ABIGAIL\Tanques\SUNBELT TANK 3,750KVA sin ATC\SUNBELT TANK 3,750KVA sin ATC\Caja tanque.ipt"
"SUNBELT TANK 3,750KVA sin ATC",".ipt","cartabon base tanque","99.5","C:\Proyectos\COTAS ABIGAIL\COTAS ABIGAIL\Tanques\SUNBELT TANK 3,750KVA sin ATC\SUNBELT TANK 3,750KVA sin ATC\cartabon base tanque.ipt"
"SUNBELT TANK 3,750KVA sin ATC",".ipt","CIERRE PAREDES","92.5","C:\Proyectos\COTAS ABIGAIL\COTAS ABIGAIL\Tanques\SUNBELT TANK 3,750KVA sin ATC\SUNBELT TANK 3,750KVA sin ATC\CIERRE PAREDES.ipt"
"SUNBELT TANK 3,750KVA sin ATC",".ipt","COMPOUND007","89","C:\Proyectos\COTAS ABIGAIL\COTAS ABIGAIL\Tanques\SUNBELT TANK 3,750KVA sin ATC\SUNBELT TANK 3,750KVA sin ATC\COMPOUND007.ipt"
"SUNBELT TANK 3,750KVA sin ATC",".ipt","COMPOUND008","89","C:\Proyectos\COTAS ABIGAIL\COTAS ABIGAIL\Tanques\SUNBELT TANK 3,750KVA sin ATC\SUNBELT TANK 3,750KVA sin ATC\COMPOUND008.ipt"
"SUNBELT TANK 3,750KVA sin ATC",".ipt","COMPOUND009","89","C:\Proyectos\COTAS ABIGAIL\COTAS ABIGAIL\Tanques\SUNBELT TANK 3,750KVA sin ATC\SUNBELT TANK 3,750KVA sin ATC\COMPOUND009.ipt"
"SUNBELT TANK 3,750KVA sin ATC",".ipt","COMPOUND010","91","C:\Proyectos\COTAS ABIGAIL\COTAS ABIGAIL\Tanques\SUNBELT TANK 3,750KVA sin ATC\SUNBELT TANK 3,750KVA sin ATC\COMPOUND010.ipt"
"SUNBELT TANK 3,750KVA sin ATC",".iam","JACKIN PAD COMPLETA","76","C:\Proyectos\COTAS ABIGAIL\COTAS ABIGAIL\Tanques\SUNBELT TANK 3,750KVA sin ATC\SUNBELT TANK 3,750KVA sin ATC\JACKIN PAD COMPLETA.iam"
"SUNBELT TANK 3,750KVA sin ATC",".iam","JACKIN PAD COMPLETA001","81","C:\Proyectos\COTAS ABIGAIL\COTAS ABIGAIL\Tanques\SUNBELT TANK 3,750KVA sin ATC\SUNBELT TANK 3,750KVA sin ATC\JACKIN PAD COMPLETA001.iam"
"SUNBELT TANK 3,750KVA sin ATC",".iam","JACKIN PAD COMPLETA002","81","C:\Proyectos\COTAS ABIGAIL\COTAS ABIGAIL\Tanques\SUNBELT TANK 3,750KVA sin ATC\SUNBELT TANK 3,750KVA sin ATC\JACKIN PAD COMPLETA002.iam"
"SUNBELT TANK 3,750KVA sin ATC",".iam","JACKIN PAD COMPLETA003","81","C:\Proyectos\COTAS ABIGAIL\COTAS ABIGAIL\Tanques\SUNBELT TANK 3,750KVA sin ATC\SUNBELT TANK 3,750KVA sin ATC\JACKIN PAD COMPLETA003.iam"
"SUNBELT TANK 3,750KVA sin ATC",".ipt","LIFTINGLUG","123.5","C:\Proyectos\COTAS ABIGAIL\COTAS ABIGAIL\Tanques\SUNBELT TANK 3,750KVA sin ATC\SUNBELT TANK 3,750KVA sin ATC\LIFTINGLUG.ipt"
"SUNBELT TANK 3,750KVA sin ATC",".ipt","LIFTINGLUG1","100.5","C:\Proyectos\COTAS ABIGAIL\COTAS ABIGAIL\Tanques\SUNBELT TANK 3,750KVA sin ATC\SUNBELT TANK 3,750KVA sin ATC\LIFTINGLUG1.ipt"
"SUNBELT TANK 3,750KVA sin ATC",".ipt","LIFTINGLUG2","115.5","C:\Proyectos\COTAS ABIGAIL\COTAS ABIGAIL\Tanques\SUNBELT TANK 3,750KVA sin ATC\SUNBELT TANK 3,750KVA sin ATC\LIFTINGLUG2.ipt"
"SUNBELT TANK 3,750KVA sin ATC",".ipt","LIFTINGLUG3","101.5","C:\Proyectos\COTAS ABIGAIL\COTAS ABIGAIL\Tanques\SUNBELT TANK 3,750KVA sin ATC\SUNBELT TANK 3,750KVA sin ATC\LIFTINGLUG3.ipt"
"SUNBELT TANK 3,750KVA sin ATC",".ipt","MANIJA TAPA EXTERNA","112","C:\Proyectos\COTAS ABIGAIL\COTAS ABIGAIL\Tanques\SUNBELT TANK 3,750KVA sin ATC\SUNBELT TANK 3,750KVA sin ATC\MANIJA TAPA EXTERNA.ipt"
"SUNBELT TANK 3,750KVA sin ATC",".ipt","MANIJA TAPA EXTERNA_MIR","112","C:\Proyectos\COTAS ABIGAIL\COTAS ABIGAIL\Tanques\SUNBELT TANK 3,750KVA sin ATC\SUNBELT TANK 3,750KVA sin ATC\MANIJA TAPA EXTERNA_MIR.ipt"
"SUNBELT TANK 3,750KVA sin ATC",".iam","MARCO CHICO","75","C:\Proyectos\COTAS ABIGAIL\COTAS ABIGAIL\Tanques\SUNBELT TANK 3,750KVA sin ATC\SUNBELT TANK 3,750KVA sin ATC\MARCO CHICO.iam"
"SUNBELT TANK 3,750KVA sin ATC",".iam","MARCO","75.5","C:\Proyectos\COTAS ABIGAIL\COTAS ABIGAIL\Tanques\SUNBELT TANK 3,750KVA sin ATC\SUNBELT TANK 3,750KVA sin ATC\MARCO.iam"
"SUNBELT TANK 3,750KVA sin ATC",".ipt","MIDDLE BRACE 1","95","C:\Proyectos\COTAS ABIGAIL\COTAS ABIGAIL\Tanques\SUNBELT TANK 3,750KVA sin ATC\SUNBELT TANK 3,750KVA sin ATC\MIDDLE BRACE 1.ipt"
"SUNBELT TANK 3,750KVA sin ATC",".ipt","MIDDLE BRACE","92.5","C:\Proyectos\COTAS ABIGAIL\COTAS ABIGAIL\Tanques\SUNBELT TANK 3,750KVA sin ATC\SUNBELT TANK 3,750KVA sin ATC\MIDDLE BRACE.ipt"
"SUNBELT TANK 3,750KVA sin ATC",".iam","Pared frontal radiadores","674.5","C:\Proyectos\COTAS ABIGAIL\COTAS ABIGAIL\Tanques\SUNBELT TANK 3,750KVA sin ATC\SUNBELT TANK 3,750KVA sin ATC\Pared frontal radiadores.iam"
"SUNBELT TANK 3,750KVA sin ATC",".iam","Pared lateral SEG 4","117","C:\Proyectos\COTAS ABIGAIL\COTAS ABIGAIL\Tanques\SUNBELT TANK 3,750KVA sin ATC\SUNBELT TANK 3,750KVA sin ATC\Pared lateral SEG 4.iam"
"SUNBELT TANK 3,750KVA sin ATC",".iam","Pared lateral","117","C:\Proyectos\COTAS ABIGAIL\COTAS ABIGAIL\Tanques\SUNBELT TANK 3,750KVA sin ATC\SUNBELT TANK 3,750KVA sin ATC\Pared lateral.iam"
"SUNBELT TANK 3,750KVA sin ATC",".ipt","PIN TAPA","116.5","C:\Proyectos\COTAS ABIGAIL\COTAS ABIGAIL\Tanques\SUNBELT TANK 3,750KVA sin ATC\SUNBELT TANK 3,750KVA sin ATC\PIN TAPA.ipt"
"SUNBELT TANK 3,750KVA sin ATC",".ipt","Preformado1","116","C:\Proyectos\COTAS ABIGAIL\COTAS ABIGAIL\Tanques\SUNBELT TANK 3,750KVA sin ATC\SUNBELT TANK 3,750KVA sin ATC\Preformado1.ipt"
"SUNBELT TANK 3,750KVA sin ATC",".ipt","Preformado1_MIR1","116.5","C:\Proyectos\COTAS ABIGAIL\COTAS ABIGAIL\Tanques\SUNBELT TANK 3,750KVA sin ATC\SUNBELT TANK 3,750KVA sin ATC\Preformado1_MIR1.ipt"
"SUNBELT TANK 3,750KVA sin ATC",".ipt","RADIATOR FLANGE","172","C:\Proyectos\COTAS ABIGAIL\COTAS ABIGAIL\Tanques\SUNBELT TANK 3,750KVA sin ATC\SUNBELT TANK 3,750KVA sin ATC\RADIATOR FLANGE.ipt"
"SUNBELT TANK 3,750KVA sin ATC",".ipt","Refuerzo tanque","98","C:\Proyectos\COTAS ABIGAIL\COTAS ABIGAIL\Tanques\SUNBELT TANK 3,750KVA sin ATC\SUNBELT TANK 3,750KVA sin ATC\Refuerzo tanque.ipt"
"SUNBELT TANK 3,750KVA sin ATC",".iam","SEG 1","92.5","C:\Proyectos\COTAS ABIGAIL\COTAS ABIGAIL\Tanques\SUNBELT TANK 3,750KVA sin ATC\SUNBELT TANK 3,750KVA sin ATC\SEG 1.iam"
"SUNBELT TANK 3,750KVA sin ATC",".ipt","SEG 2","209.5","C:\Proyectos\COTAS ABIGAIL\COTAS ABIGAIL\Tanques\SUNBELT TANK 3,750KVA sin ATC\SUNBELT TANK 3,750KVA sin ATC\SEG 2.ipt"
"SUNBELT TANK 3,750KVA sin ATC",".ipt","SEG 3","1780","C:\Proyectos\COTAS ABIGAIL\COTAS ABIGAIL\Tanques\SUNBELT TANK 3,750KVA sin ATC\SUNBELT TANK 3,750KVA sin ATC\SEG 3.ipt"
"SUNBELT TANK 3,750KVA sin ATC",".ipt","SEG 4","205.5","C:\Proyectos\COTAS ABIGAIL\COTAS ABIGAIL\Tanques\SUNBELT TANK 3,750KVA sin ATC\SUNBELT TANK 3,750KVA sin ATC\SEG 4.ipt"
"SUNBELT TANK 3,750KVA sin ATC",".iam","SEG.3","122","C:\Proyectos\COTAS ABIGAIL\COTAS ABIGAIL\Tanques\SUNBELT TANK 3,750KVA sin ATC\SUNBELT TANK 3,750KVA sin ATC\SEG.3.iam"
"SUNBELT TANK 3,750KVA sin ATC",".iam","SEGURO COMPUERTA","72.5","C:\Proyectos\COTAS ABIGAIL\COTAS ABIGAIL\Tanques\SUNBELT TANK 3,750KVA sin ATC\SUNBELT TANK 3,750KVA sin ATC\SEGURO COMPUERTA.iam"
"SUNBELT TANK 3,750KVA sin ATC",".ipt","SIDE BRACE","114.5","C:\Proyectos\COTAS ABIGAIL\COTAS ABIGAIL\Tanques\SUNBELT TANK 3,750KVA sin ATC\SUNBELT TANK 3,750KVA sin ATC\SIDE BRACE.ipt"
"SUNBELT TANK 3,750KVA sin ATC",".ipt","SOLERA CHICA","91","C:\Proyectos\COTAS ABIGAIL\COTAS ABIGAIL\Tanques\SUNBELT TANK 3,750KVA sin ATC\SUNBELT TANK 3,750KVA sin ATC\SOLERA CHICA.ipt"
"SUNBELT TANK 3,750KVA sin ATC",".ipt","SOLERA GRANDE","89.5","C:\Proyectos\COTAS ABIGAIL\COTAS ABIGAIL\Tanques\SUNBELT TANK 3,750KVA sin ATC\SUNBELT TANK 3,750KVA sin ATC\SOLERA GRANDE.ipt"
"SUNBELT TANK 3,750KVA sin ATC",".ipt","SOLID007","102.5","C:\Proyectos\COTAS ABIGAIL\COTAS ABIGAIL\Tanques\SUNBELT TANK 3,750KVA sin ATC\SUNBELT TANK 3,750KVA sin ATC\SOLID007.ipt"
"SUNBELT TANK 3,750KVA sin ATC",".ipt","SOLID008","128.5","C:\Proyectos\COTAS ABIGAIL\COTAS ABIGAIL\Tanques\SUNBELT TANK 3,750KVA sin ATC\SUNBELT TANK 3,750KVA sin ATC\SOLID008.ipt"
"SUNBELT TANK 3,750KVA sin ATC",".ipt","SOLID010","319.5","C:\Proyectos\COTAS ABIGAIL\COTAS ABIGAIL\Tanques\SUNBELT TANK 3,750KVA sin ATC\SUNBELT TANK 3,750KVA sin ATC\SOLID010.ipt"
"SUNBELT TANK 3,750KVA sin ATC",".iam","SUNBELT TANK 3,750KVA sin ATC","1559","C:\Proyectos\COTAS ABIGAIL\COTAS ABIGAIL\Tanques\SUNBELT TANK 3,750KVA sin ATC\SUNBELT TANK 3,750KVA sin ATC\SUNBELT TANK 3,750KVA sin ATC.iam"
"SUNBELT TANK 3,750KVA sin ATC",".ipt","Tapa interna angulos","108.5","C:\Proyectos\COTAS ABIGAIL\COTAS ABIGAIL\Tanques\SUNBELT TANK 3,750KVA sin ATC\SUNBELT TANK 3,750KVA sin ATC\Tapa interna angulos.ipt"
"SUNBELT TANK 3,750KVA sin ATC",".iam","TAPA INTERNA TOP COVER","91.5","C:\Proyectos\COTAS ABIGAIL\COTAS ABIGAIL\Tanques\SUNBELT TANK 3,750KVA sin ATC\SUNBELT TANK 3,750KVA sin ATC\TAPA INTERNA TOP COVER.iam"
"SUNBELT TANK 3,750KVA sin ATC",".iam","Tapa top cover","97","C:\Proyectos\COTAS ABIGAIL\COTAS ABIGAIL\Tanques\SUNBELT TANK 3,750KVA sin ATC\SUNBELT TANK 3,750KVA sin ATC\Tapa top cover.iam"
"SUNBELT TANK 3,750KVA sin ATC",".ipt","Top cover","96.5","C:\Proyectos\COTAS ABIGAIL\COTAS ABIGAIL\Tanques\SUNBELT TANK 3,750KVA sin ATC\SUNBELT TANK 3,750KVA sin ATC\Top cover.ipt"
"SUNBELT TANK 3,750KVA sin ATC",".iam","Top cover001","636.5","C:\Proyectos\COTAS ABIGAIL\COTAS ABIGAIL\Tanques\SUNBELT TANK 3,750KVA sin ATC\SUNBELT TANK 3,750KVA sin ATC\Top cover001.iam"
"SUNBELT TANK 3,750KVA sin ATC",".ipt","TUBO 2''","153","C:\Proyectos\COTAS ABIGAIL\COTAS ABIGAIL\Tanques\SUNBELT TANK 3,750KVA sin ATC\SUNBELT TANK 3,750KVA sin ATC\TUBO 2''.ipt"
"SUNBELT TANK 3,750KVA sin ATC",".ipt","VARILLA 3 - Copy","98","C:\Proyectos\COTAS ABIGAIL\COTAS ABIGAIL\Tanques\SUNBELT TANK 3,750KVA sin ATC\SUNBELT TANK 3,750KVA sin ATC\VARILLA 3 - Copy.ipt"
"SUNBELT TANK 3,750KVA sin ATC",".ipt","VARILLA 3","98","C:\Proyectos\COTAS ABIGAIL\COTAS ABIGAIL\Tanques\SUNBELT TANK 3,750KVA sin ATC\SUNBELT TANK 3,750KVA sin ATC\VARILLA 3.ipt"
"SUNBELT TANK 3,750KVA sin ATC",".ipt","VARILLA 4 - Copy","97","C:\Proyectos\COTAS ABIGAIL\COTAS ABIGAIL\Tanques\SUNBELT TANK 3,750KVA sin ATC\SUNBELT TANK 3,750KVA sin ATC\VARILLA 4 - Copy.ipt"
"SUNBELT TANK 3,750KVA sin ATC",".ipt","VARILLA 4","97.5","C:\Proyectos\COTAS ABIGAIL\COTAS ABIGAIL\Tanques\SUNBELT TANK 3,750KVA sin ATC\SUNBELT TANK 3,750KVA sin ATC\VARILLA 4.ipt"
