tanque,pieza,categoria,resolver_esperado,riesgo
62176-1246-A01 LIMPIO Y MARCADO,62176-1247-P01,OTC_codigo_generico,prismatic_plate,medio
62176-1246-A01 LIMPIO Y MARCADO,62176-1247-P02,OTC_codigo_generico,prismatic_plate,medio
62176-1246-A01 LIMPIO Y MARCADO,62176-1247-P03,OTC_codigo_generico,prismatic_plate,medio
62176-1246-A01 LIMPIO Y MARCADO,62176-1247-P04,tubo_ring,circular_hollow,conocida_OTC
62176-1246-A01 LIMPIO Y MARCADO,62176-1247-P05,OTC_codigo_generico,prismatic_plate,medio
62176-1246-A01 LIMPIO Y MARCADO,62176-1247-P06,OTC_codigo_generico,prismatic_plate,medio
62176-1246-A01 LIMPIO Y MARCADO,62176-1247-P07,OTC_codigo_generico,prismatic_plate,medio
62176-1246-A01 LIMPIO Y MARCADO,62176-1247-P08,OTC_codigo_generico,prismatic_plate,medio
62176-1246-A01 LIMPIO Y MARCADO,62176-1247-P09,OTC_codigo_generico,prismatic_plate,medio
62176-1246-A01 LIMPIO Y MARCADO,62176-1247-P10_Default_As Machined_,canal_U_C,prismatic_U,conocida_OTC
62176-1246-A01 LIMPIO Y MARCADO,62176-1247-P11,OTC_codigo_generico,prismatic_plate,medio
62176-1246-A01 LIMPIO Y MARCADO,62176-1247-P12,OTC_codigo_generico,prismatic_plate,medio
62176-1246-A01 LIMPIO Y MARCADO,62176-1247-P13,OTC_codigo_generico,prismatic_plate,medio
62176-1246-A01 LIMPIO Y MARCADO,62176-1247-P15,OTC_codigo_generico,prismatic_plate,medio
62176-1246-A01 LIMPIO Y MARCADO,62176-1248-P01,OTC_codigo_generico,prismatic_plate,medio
62176-1246-A01 LIMPIO Y MARCADO,62176-1248-P06_1,OTC_codigo_generico,prismatic_plate,medio
62176-1246-A01 LIMPIO Y MARCADO,62176-1248-P06_2,OTC_codigo_generico,prismatic_plate,medio
62176-1246-A01 LIMPIO Y MARCADO,62176-1248-P07,OTC_codigo_generico,prismatic_plate,medio
62176-1246-A01 LIMPIO Y MARCADO,62176-1248-P08_1,OTC_codigo_generico,prismatic_plate,medio
62176-1246-A01 LIMPIO Y MARCADO,62176-1248-P08_2,OTC_codigo_generico,prismatic_plate,medio
62176-1246-A01 LIMPIO Y MARCADO,62176-1248-P09,OTC_codigo_generico,prismatic_plate,medio
62176-1246-A01 LIMPIO Y MARCADO,62176-1248-P10,canal_U_C,prismatic_U,conocida_OTC
62176-1246-A01 LIMPIO Y MARCADO,62176-1248-P11,OTC_codigo_generico,prismatic_plate,medio
62176-1246-A01 LIMPIO Y MARCADO,62176-1248-P12,OTC_codigo_generico,prismatic_plate,medio
62176-1246-A01 LIMPIO Y MARCADO,62176-1248-P13,OTC_codigo_generico,prismatic_plate,medio
62176-1246-A01 LIMPIO Y MARCADO,62176-1248-P14,OTC_codigo_generico,prismatic_plate,medio
62176-1246-A01 LIMPIO Y MARCADO,62176-1248-P15,OTC_codigo_generico,prismatic_plate,medio
62176-1246-A01 LIMPIO Y MARCADO,62176-1248-P16,OTC_codigo_generico,prismatic_plate,medio
62176-1246-A01 LIMPIO Y MARCADO,62176-1248-P17,OTC_codigo_generico,prismatic_plate,medio
62176-1246-A01 LIMPIO Y MARCADO,62176-1248-P19,OTC_codigo_generico,prismatic_plate,medio
62176-1246-A01 LIMPIO Y MARCADO,62176-1248-P25,placa,prismatic_plate,conocida_OTC
62176-1246-A01 LIMPIO Y MARCADO,62176-1248-P26,OTC_codigo_generico,prismatic_plate,medio
62176-1246-A01 LIMPIO Y MARCADO,62176-1248-P27_Default_As Machined_,angulo_L,prismatic_L,conocida_OTC
62176-1246-A01 LIMPIO Y MARCADO,62176-1248-P28_Predeterminado,OTC_codigo_generico,prismatic_plate,medio
62176-1246-A01 LIMPIO Y MARCADO,62176-1248-P29_Predeterminado,chapa_semicirc,prismatic_semi,conocida_OTC
62176-1246-A01 LIMPIO Y MARCADO,62176-1248-P30,OTC_codigo_generico,prismatic_plate,medio
62176-1246-A01 LIMPIO Y MARCADO,62176-1248-P31_Default_As Machined_,tubo_HSS,rect_hollow,conocida_OTC
62176-1246-A01 LIMPIO Y MARCADO,62176-1248-P32,OTC_codigo_generico,prismatic_plate,medio
62176-1246-A01 LIMPIO Y MARCADO,62176-1248-P33_Default_As Machined_,OTC_codigo_generico,prismatic_plate,medio
62176-1246-A01 LIMPIO Y MARCADO,62176-1248-P34_Default_As Machined_,OTC_codigo_generico,prismatic_plate,medio
62176-1246-A01 LIMPIO Y MARCADO,62176-1248-P35,OTC_codigo_generico,prismatic_plate,medio
62176-1246-A01 LIMPIO Y MARCADO,62176-1248-P37,OTC_codigo_generico,prismatic_plate,medio
62176-1246-A01 LIMPIO Y MARCADO,62176-1248-P38_Default_As Machined_,OTC_codigo_generico,prismatic_plate,medio
62176-1246-A01 LIMPIO Y MARCADO,62176-1248-P43,OTC_codigo_generico,prismatic_plate,medio
62176-1246-A01 LIMPIO Y MARCADO,62176-1248-P46,angulo_L_flange,prismatic_L,conocida_OTC
62176-1246-A01 LIMPIO Y MARCADO,62176-1248-P47,angulo_L,prismatic_L,conocida_OTC
62176-1246-A01 LIMPIO Y MARCADO,62176-1248-P48,OTC_codigo_generico,prismatic_plate,medio
62176-1246-A01 LIMPIO Y MARCADO,62176-1248-P50,OTC_codigo_generico,prismatic_plate,medio
62176-1246-A01 LIMPIO Y MARCADO,62176-1248-P56_DefaultSM-FLAT-PATTERN,OTC_flat_pattern,prismatic_plate,medio
62176-1246-A01 LIMPIO Y MARCADO,62176-1248-P62_68095K351,OTC_codigo_generico,prismatic_plate,medio
62176-1246-A01 LIMPIO Y MARCADO,62176-1248-P64,OTC_codigo_generico,prismatic_plate,medio
62176-1246-A01 LIMPIO Y MARCADO,62176-1248-P65,OTC_codigo_generico,prismatic_plate,medio
62176-1246-A01 LIMPIO Y MARCADO,62176-1248-P68,OTC_codigo_generico,prismatic_plate,medio
62176-1246-A01 LIMPIO Y MARCADO,62176-1248-P71,OTC_codigo_generico,prismatic_plate,medio
62176-1246-A01 LIMPIO Y MARCADO,62176-1249-P01_Default_As Machined_,OTC_codigo_generico,prismatic_plate,medio
62176-1246-A01 LIMPIO Y MARCADO,62176-1251-P01,OTC_codigo_generico,prismatic_plate,medio
62176-1246-A01 LIMPIO Y MARCADO,62176-1251-P03_TAB,OTC_tab_plate,prismatic_plate,medio
62176-1246-A01 LIMPIO Y MARCADO,62176-1251-P04,OTC_codigo_generico,prismatic_plate,medio
62176-1246-A01 LIMPIO Y MARCADO,62176-1251-P05_Default_As Machined_,OTC_codigo_generico,prismatic_plate,medio
62176-1246-A01 LIMPIO Y MARCADO,62176-1251-P06_ROD,OTC_rod,circular_solid,medio
62176-1246-A01 LIMPIO Y MARCADO,62176-1251-P07_ROD,OTC_rod,circular_solid,medio
62176-1246-A01 LIMPIO Y MARCADO,62176-1252-P01,OTC_codigo_generico,prismatic_plate,medio
62176-1246-A01 LIMPIO Y MARCADO,62176-1253-P01,OTC_codigo_generico,prismatic_plate,medio
62176-1246-A01 LIMPIO Y MARCADO,62176-1253-P02,OTC_codigo_generico,prismatic_plate,medio
62176-1246-A01 LIMPIO Y MARCADO,62176-1253-P03,OTC_codigo_generico,prismatic_plate,medio
62176-1246-A01 LIMPIO Y MARCADO,62176-1253-P04,OTC_codigo_generico,prismatic_plate,medio
62176-1246-A01 LIMPIO Y MARCADO,62176-1253-P05,OTC_codigo_generico,prismatic_plate,medio
62176-1246-A01 LIMPIO Y MARCADO,62176-1253-P07,OTC_codigo_generico,prismatic_plate,medio
62176-1246-A01 LIMPIO Y MARCADO,62176-1254-P01,OTC_codigo_generico,prismatic_plate,medio
62176-1246-A01 LIMPIO Y MARCADO,62176-1254-P02,OTC_codigo_generico,prismatic_plate,medio
62176-1246-A01 LIMPIO Y MARCADO,62176-1254-P03,OTC_codigo_generico,prismatic_plate,medio
62176-1246-A01 LIMPIO Y MARCADO,62176-1254-P04,OTC_codigo_generico,prismatic_plate,medio
62176-1246-A01 LIMPIO Y MARCADO,62176-1254-P07,OTC_codigo_generico,prismatic_plate,medio
62176-1246-A01 LIMPIO Y MARCADO,62176-1260-P03,OTC_codigo_generico,prismatic_plate,medio
62176-1246-A01 LIMPIO Y MARCADO,62176-1260-P04,OTC_codigo_generico,prismatic_plate,medio
62176-1246-A01 LIMPIO Y MARCADO,62176-1260-P05,OTC_codigo_generico,prismatic_plate,medio
62176-1246-A01 LIMPIO Y MARCADO,62176-1260-P07,OTC_codigo_generico,prismatic_plate,medio
62176-1246-A01 LIMPIO Y MARCADO,FPP-PELSUE,hardware_estandar,no_aplica,no_aplica
62176-1246-A01 LIMPIO Y MARCADO,FT-PRD-01,hardware_estandar,no_aplica,no_aplica
62176-1246-A01 LIMPIO Y MARCADO,GUN STUD,hardware_estandar,no_aplica,no_aplica
62176-1246-A01 LIMPIO Y MARCADO,GUNSTUD 2,hardware_estandar,no_aplica,no_aplica
62176-1246-A01 LIMPIO Y MARCADO,HW-CN-01,hardware_estandar,no_aplica,no_aplica
62176-1246-A01 LIMPIO Y MARCADO,HW-FW-01,hardware_estandar,no_aplica,no_aplica
62176-1246-A01 LIMPIO Y MARCADO,HW-HN-03_95462A033,hardware_estandar,no_aplica,no_aplica
62176-1246-A01 LIMPIO Y MARCADO,L845.RADVLV,brida_pipe,circular_hollow,bajo
62176-1246-A01 LIMPIO Y MARCADO,SF-CP-04_4513K263,hardware_estandar,no_aplica,no_aplica
62176-1246-A01 LIMPIO Y MARCADO,SF-HC-01_4452K212,hardware_estandar,no_aplica,no_aplica
62176-1246-A01 LIMPIO Y MARCADO,SF-NP-03_7753K124,hardware_estandar,no_aplica,no_aplica
62176-1246-A01 LIMPIO Y MARCADO,SP-702,standard_part_SP,prismatic_plate,bajo
62176-1246-A01 LIMPIO Y MARCADO,SP-710,standard_part_SP,prismatic_plate,bajo
62176-1246-A01 LIMPIO Y MARCADO,SP-736,standard_part_SP,prismatic_plate,bajo
62176-1246-A01 LIMPIO Y MARCADO,SP-740_1,standard_part_SP,prismatic_plate,bajo
62176-1246-A01 LIMPIO Y MARCADO,SP-740_2,standard_part_SP,prismatic_plate,bajo
62176-1246-A01 LIMPIO Y MARCADO,SP-741,standard_part_SP,prismatic_plate,bajo
62176-1246-A01 LIMPIO Y MARCADO,SP-742,standard_part_SP,prismatic_plate,bajo
62176-1246-A01 LIMPIO Y MARCADO,SP-752_1,standard_part_SP,prismatic_plate,bajo
62176-1246-A01 LIMPIO Y MARCADO,SP-752_2,standard_part_SP,prismatic_plate,bajo
62176-1246-A01 LIMPIO Y MARCADO,SP-767_1,standard_part_SP,prismatic_plate,bajo
62176-1246-A01 LIMPIO Y MARCADO,SP-767_2,standard_part_SP,prismatic_plate,bajo
62176-1246-A01 LIMPIO Y MARCADO,SP-771_1,standard_part_SP,prismatic_plate,bajo
62176-1246-A01 LIMPIO Y MARCADO,SP-771_2,standard_part_SP,prismatic_plate,bajo
62176-1246-A01 LIMPIO Y MARCADO,SP-774,standard_part_SP,prismatic_plate,bajo
62176-1246-A01 LIMPIO Y MARCADO,SP-776_1,standard_part_SP,prismatic_plate,bajo
62176-1246-A01 LIMPIO Y MARCADO,SP-776_2,standard_part_SP,prismatic_plate,bajo
62176-1246-A01 LIMPIO Y MARCADO,SP-776_3,standard_part_SP,prismatic_plate,bajo
62176-1246-A01 LIMPIO Y MARCADO,SP-776_4,standard_part_SP,prismatic_plate,bajo
62176-1246-A01 LIMPIO Y MARCADO,SP-788_1,standard_part_SP,prismatic_plate,bajo
62176-1246-A01 LIMPIO Y MARCADO,SP-788_2,standard_part_SP,prismatic_plate,bajo
62176-1246-A01 LIMPIO Y MARCADO,SP-792,standard_part_SP,prismatic_plate,bajo
62176-1246-A01 LIMPIO Y MARCADO,SP-792_1_1,standard_part_SP,prismatic_plate,bajo
62176-1246-A01 LIMPIO Y MARCADO,SP-792_1_2,standard_part_SP,prismatic_plate,bajo
62176-1246-A01 LIMPIO Y MARCADO,SP-792_1_3,standard_part_SP,prismatic_plate,bajo
62176-1246-A01 LIMPIO Y MARCADO,SP-797,standard_part_SP,prismatic_plate,bajo
62176-1246-A01 LIMPIO Y MARCADO,SP-798,standard_part_SP,prismatic_plate,bajo
62176-1246-A01 LIMPIO Y MARCADO,SP-799,standard_part_SP,prismatic_plate,bajo
62176-1246-A01 LIMPIO Y MARCADO,SP-800,standard_part_SP,prismatic_plate,bajo
62176-1246-A01 LIMPIO Y MARCADO,SP-851_1,standard_part_SP,prismatic_plate,bajo
62176-1246-A01 LIMPIO Y MARCADO,SP-851_2,standard_part_SP,prismatic_plate,bajo
62176-1246-A01 LIMPIO Y MARCADO,SP-852_1,standard_part_SP,prismatic_plate,bajo
62176-1246-A01 LIMPIO Y MARCADO,SP-852_2,standard_part_SP,prismatic_plate,bajo
62176-1246-A01 LIMPIO Y MARCADO,SP-855,standard_part_SP,prismatic_plate,bajo
MODELO VANTRAN 251007,AISC 1x1_2 1753710248467,angulo_AISC_L,prismatic_L,bajo
MODELO VANTRAN 251007,AISC 1x1_2 1753710248543,angulo_AISC_L,prismatic_L,bajo
MODELO VANTRAN 251007,AISC 1x1_2 1753710248611,angulo_AISC_L,prismatic_L,bajo
MODELO VANTRAN 251007,AISC 1x1_2 1753710248681,angulo_AISC_L,prismatic_L,bajo
MODELO VANTRAN 251007,AISC 1x1_2 1753710248747,angulo_AISC_L,prismatic_L,bajo
MODELO VANTRAN 251007,AISC 1x1_2 1753710248816,angulo_AISC_L,prismatic_L,bajo
MODELO VANTRAN 251007,AISC 1x1_2 1753710248886,angulo_AISC_L,prismatic_L,bajo
MODELO VANTRAN 251007,AISC 1x1_2 1753710248954,angulo_AISC_L,prismatic_L,bajo
MODELO VANTRAN 251007,BUSHING PATCH TAPA,cover,prismatic_plate,bajo
MODELO VANTRAN 251007,BUSHING PATCH TAPA 2,cover,prismatic_plate,bajo
MODELO VANTRAN 251007,CBOX BRACKET,bracket_lug,accesorio,medio_alto
MODELO VANTRAN 251007,CUADRO BASE,cover,prismatic_plate,bajo
MODELO VANTRAN 251007,H.V parking Std,pad_boss_patch,accesorio,medio_alto
MODELO VANTRAN 251007,Inspection_Plate,placa_segmento,prismatic_plate,bajo
MODELO VANTRAN 251007,Marco de Soleras,bracket_lug,accesorio,medio_alto
MODELO VANTRAN 251007,OIL GAUGE BOSS,pad_boss_patch,accesorio,medio_alto
MODELO VANTRAN 251007,PIPE FLANE 0.375,tubo_redondo,circular_hollow,bajo
MODELO VANTRAN 251007,PIPE FLANGE 0.250,tubo_redondo,circular_hollow,bajo
MODELO VANTRAN 251007,PIPE FLANGE 0.250_1,tubo_redondo,circular_hollow,bajo
MODELO VANTRAN 251007,PIPE FLANGE 0.500,tubo_redondo,circular_hollow,bajo
MODELO VANTRAN 251007,PIPE FLANGE 1,tubo_redondo,circular_hollow,bajo
MODELO VANTRAN 251007,PIPE HALF NIPPLE 2,tubo_redondo,circular_hollow,bajo
MODELO VANTRAN 251007,PLAQUITA DSE BASE,cover,prismatic_plate,bajo
MODELO VANTRAN 251007,Placa Base de Soleras,placa_segmento,prismatic_plate,bajo
MODELO VANTRAN 251007,Placa Segmento 1,placa_segmento,prismatic_plate,bajo
MODELO VANTRAN 251007,Placa Segmento 2,placa_segmento,prismatic_plate,bajo
MODELO VANTRAN 251007,Placa Segmento 3,placa_segmento,prismatic_plate,bajo
MODELO VANTRAN 251007,Placa Segmento 4,placa_segmento,prismatic_plate,bajo
MODELO VANTRAN 251007,STAINLESS GROUND PAD,pad_boss_patch,accesorio,medio_alto
MODELO VANTRAN 251007,SWITCH PATCH 1,pad_boss_patch,accesorio,medio_alto
MODELO VANTRAN 251007,Solera Jacking Pad,placa_segmento,prismatic_plate,bajo
MODELO VANTRAN 251007,Solera Jacking Pad_1,placa_segmento,prismatic_plate,bajo
MODELO VANTRAN 251007,Solera Segmento 1,placa_segmento,prismatic_plate,bajo
MODELO VANTRAN 251007,Solera Segmento 1_1,placa_segmento,prismatic_plate,bajo
MODELO VANTRAN 251007,Solera Segmento 1_2,placa_segmento,prismatic_plate,bajo
MODELO VANTRAN 251007,Solera Segmento 1_3,placa_segmento,prismatic_plate,bajo
MODELO VANTRAN 251007,TIERRA REDONDA,varilla_redonda,circular_solid,bajo
MODELO VANTRAN 251007,Top_Cover_1,cover,prismatic_plate,bajo
MODELO VANTRAN 251007,VT-5657-R1-D3000 Lifting Lug With Chain Retainer,bracket_lug,accesorio,medio_alto
MODELO VANTRAN 251007,VT-5657-R1-D3000 Lifting Lug With Chain Retainer_1,bracket_lug,accesorio,medio_alto
MODELO VANTRAN 251007,jacking pads,pad_boss_patch,accesorio,medio_alto
MODELO VANTRAN 251007,jacking pads_1,pad_boss_patch,accesorio,medio_alto
"SUNBELT TANK 3,750KVA sin ATC",1.2-13 Stainless Steel H,sin_categoria,desconocido,alto
"SUNBELT TANK 3,750KVA sin ATC",1.2-13 Stainless Steel H001,sin_categoria,desconocido,alto
"SUNBELT TANK 3,750KVA sin ATC",Angulo cover,angulo_AISC_L,prismatic_L,bajo
"SUNBELT TANK 3,750KVA sin ATC",Angulo cover 2,angulo_AISC_L,prismatic_L,bajo
"SUNBELT TANK 3,750KVA sin ATC",BACK BRACE ASSEMBLY,bracket_lug,accesorio,medio_alto
"SUNBELT TANK 3,750KVA sin ATC",BISAGRA 1,pad_boss_patch,accesorio,medio_alto
"SUNBELT TANK 3,750KVA sin ATC",BISAGRA 3,pad_boss_patch,accesorio,medio_alto
"SUNBELT TANK 3,750KVA sin ATC",BRACE CAP,bracket_lug,accesorio,medio_alto
"SUNBELT TANK 3,750KVA sin ATC",BRACE CAP_1,bracket_lug,accesorio,medio_alto
"SUNBELT TANK 3,750KVA sin ATC",Base doblada,chapa_preformada,prismatic_semi,bajo
"SUNBELT TANK 3,750KVA sin ATC",CIERRE PAREDES,pad_boss_patch,accesorio,medio_alto
"SUNBELT TANK 3,750KVA sin ATC",COMPOUND007,nombre_generico,desconocido,alto
"SUNBELT TANK 3,750KVA sin ATC",COMPOUND008,nombre_generico,desconocido,alto
"SUNBELT TANK 3,750KVA sin ATC",COMPOUND009,nombre_generico,desconocido,alto
"SUNBELT TANK 3,750KVA sin ATC",COMPOUND010,nombre_generico,desconocido,alto
"SUNBELT TANK 3,750KVA sin ATC",Caja tanque,cover,prismatic_plate,bajo
"SUNBELT TANK 3,750KVA sin ATC",LIFTINGLUG,bracket_lug,accesorio,medio_alto
"SUNBELT TANK 3,750KVA sin ATC",LIFTINGLUG1,bracket_lug,accesorio,medio_alto
"SUNBELT TANK 3,750KVA sin ATC",LIFTINGLUG2,bracket_lug,accesorio,medio_alto
"SUNBELT TANK 3,750KVA sin ATC",LIFTINGLUG3,bracket_lug,accesorio,medio_alto
"SUNBELT TANK 3,750KVA sin ATC",MANIJA TAPA EXTERNA,cover,prismatic_plate,bajo
"SUNBELT TANK 3,750KVA sin ATC",MANIJA TAPA EXTERNA_MIR,cover,prismatic_plate,bajo
"SUNBELT TANK 3,750KVA sin ATC",MIDDLE BRACE,bracket_lug,accesorio,medio_alto
"SUNBELT TANK 3,750KVA sin ATC",MIDDLE BRACE 1,bracket_lug,accesorio,medio_alto
"SUNBELT TANK 3,750KVA sin ATC",PIN TAPA,cover,prismatic_plate,bajo
"SUNBELT TANK 3,750KVA sin ATC",Preformado1,chapa_preformada,prismatic_semi,bajo
"SUNBELT TANK 3,750KVA sin ATC",Preformado1_MIR1,chapa_preformada,prismatic_semi,bajo
"SUNBELT TANK 3,750KVA sin ATC",RADIATOR FLANGE,brida_pipe,circular_hollow,bajo
"SUNBELT TANK 3,750KVA sin ATC",Refuerzo tanque,bracket_lug,accesorio,medio_alto
"SUNBELT TANK 3,750KVA sin ATC",SEG 2,placa_segmento,prismatic_plate,bajo
"SUNBELT TANK 3,750KVA sin ATC",SEG 3,placa_segmento,prismatic_plate,bajo
"SUNBELT TANK 3,750KVA sin ATC",SEG 4,placa_segmento,prismatic_plate,bajo
"SUNBELT TANK 3,750KVA sin ATC",SIDE BRACE,bracket_lug,accesorio,medio_alto
"SUNBELT TANK 3,750KVA sin ATC",SOLERA CHICA,placa_segmento,prismatic_plate,bajo
"SUNBELT TANK 3,750KVA sin ATC",SOLERA GRANDE,placa_segmento,prismatic_plate,bajo
"SUNBELT TANK 3,750KVA sin ATC",SOLID007,nombre_generico,desconocido,alto
"SUNBELT TANK 3,750KVA sin ATC",SOLID008,nombre_generico,desconocido,alto
"SUNBELT TANK 3,750KVA sin ATC",SOLID010,nombre_generico,desconocido,alto
"SUNBELT TANK 3,750KVA sin ATC",TUBO 2'',tubo_redondo,circular_hollow,bajo
"SUNBELT TANK 3,750KVA sin ATC",Tapa interna angulos,cover,prismatic_plate,bajo
"SUNBELT TANK 3,750KVA sin ATC",Top cover,cover,prismatic_plate,bajo
"SUNBELT TANK 3,750KVA sin ATC",VARILLA 3,varilla_redonda,circular_solid,bajo
"SUNBELT TANK 3,750KVA sin ATC",VARILLA 3 - Copy,varilla_redonda,circular_solid,bajo
"SUNBELT TANK 3,750KVA sin ATC",VARILLA 4,varilla_redonda,circular_solid,bajo
"SUNBELT TANK 3,750KVA sin ATC",VARILLA 4 - Copy,varilla_redonda,circular_solid,bajo
"SUNBELT TANK 3,750KVA sin ATC",cartabon base tanque,cover,prismatic_plate,bajo
